latitude,longitude,elevation,utc_offset_seconds,timezone,timezone_abbreviation
33.56766,71.48699,504.0,0,GMT,GMT

time,temperature_2m (°C),relative_humidity_2m (%),dew_point_2m (°C),precipitation (mm),surface_pressure (hPa),wind_speed_10m (km/h),cloud_cover (%)
2026-06-01T00:00,25.9,66,19.0,0.00,950.8,1.1,1
2026-06-01T01:00,26.3,65,19.1,0.00,951.3,2.2,3
2026-06-01T02:00,28.2,56,18.6,0.00,952.1,1.5,1
2026-06-01T03:00,29.7,49,18.0,0.00,952.5,5.5,1
2026-06-01T04:00,31.1,44,17.3,0.00,952.9,9.7,0
2026-06-01T05:00,32.3,41,17.3,0.00,953.2,10.7,12
2026-06-01T06:00,33.1,39,17.2,0.00,953.5,8.7,18
2026-06-01T07:00,34.0,36,17.0,0.00,953.0,7.8,16
2026-06-01T08:00,34.6,35,16.8,0.00,952.5,8.2,15
2026-06-01T09:00,35.2,33,16.5,0.00,951.6,7.7,14
2026-06-01T10:00,35.6,32,16.3,0.00,951.0,6.5,45
2026-06-01T11:00,35.5,32,16.1,0.00,950.6,6.5,92
2026-06-01T12:00,35.4,30,15.0,0.00,950.0,12.5,1
2026-06-01T13:00,34.3,33,15.9,0.00,950.2,12.6,1
2026-06-01T14:00,32.2,40,16.9,0.00,950.3,6.0,4
2026-06-01T15:00,30.5,42,16.2,0.00,950.4,5.6,1
2026-06-01T16:00,29.7,46,16.8,0.00,951.2,4.6,2
2026-06-01T17:00,29.5,49,17.8,0.00,951.5,2.5,0
2026-06-01T18:00,29.6,51,18.3,0.00,950.9,2.0,0
2026-06-01T19:00,29.0,52,18.0,0.00,950.8,2.2,0
2026-06-01T20:00,28.4,54,18.2,0.00,950.6,3.1,0
2026-06-01T21:00,27.7,57,18.4,0.00,950.4,1.8,0
2026-06-01T22:00,27.1,59,18.4,0.00,950.8,1.5,0
2026-06-01T23:00,26.9,60,18.5,0.00,951.2,1.1,1
2026-06-02T00:00,26.6,63,18.9,0.00,951.3,3.9,0
2026-06-02T01:00,27.4,60,18.9,0.00,951.8,4.4,0
2026-06-02T02:00,29.2,53,18.6,0.00,952.7,4.1,0
2026-06-02T03:00,30.9,46,18.0,0.00,953.5,7.2,5
2026-06-02T04:00,31.7,44,18.0,0.00,953.9,8.7,13
2026-06-02T05:00,32.4,43,18.3,0.00,953.5,8.0,41
2026-06-02T06:00,33.3,40,17.7,0.10,953.2,11.6,47
2026-06-02T07:00,34.3,36,17.2,0.00,952.6,8.2,37
2026-06-02T08:00,35.4,33,16.7,0.00,951.6,7.7,25
2026-06-02T09:00,35.6,31,15.9,0.00,951.0,5.8,97
2026-06-02T10:00,34.7,32,15.8,0.20,950.1,4.3,80
2026-06-02T11:00,35.5,30,15.5,0.00,949.8,6.8,17
2026-06-02T12:00,35.6,29,14.9,0.00,948.8,6.5,33
2026-06-02T13:00,35.0,29,14.2,0.00,948.4,11.8,32
2026-06-02T14:00,32.5,41,17.7,0.00,948.3,3.5,52
2026-06-02T15:00,31.3,43,17.3,0.00,949.0,2.3,53
2026-06-02T16:00,30.5,45,17.3,0.00,949.6,1.7,16
2026-06-02T17:00,30.5,45,17.4,0.00,949.8,0.4,15
2026-06-02T18:00,29.6,43,15.6,0.00,950.0,12.5,34
2026-06-02T19:00,27.5,49,15.8,0.00,949.7,7.6,59
2026-06-02T20:00,26.5,55,16.6,0.00,949.6,2.7,12
2026-06-02T21:00,26.3,54,16.4,0.00,949.1,3.5,0
2026-06-02T22:00,25.7,58,16.7,0.00,948.7,2.5,2
2026-06-02T23:00,25.5,59,17.0,0.00,948.7,2.2,0
2026-06-03T00:00,25.1,69,19.0,0.00,948.7,2.1,0
2026-06-03T01:00,26.0,66,19.1,0.00,949.4,1.6,0
2026-06-03T02:00,27.8,55,18.0,0.00,950.2,4.4,0
2026-06-03T03:00,29.2,51,17.9,0.00,950.5,4.6,0
2026-06-03T04:00,31.0,45,17.7,0.00,950.5,4.4,0
2026-06-03T05:00,32.6,41,17.6,0.00,950.2,7.4,1
2026-06-03T06:00,33.3,38,17.0,0.00,950.5,8.0,34
2026-06-03T07:00,32.9,39,17.3,0.00,950.0,11.2,39
2026-06-03T08:00,33.2,39,17.5,0.10,949.4,5.2,30
2026-06-03T09:00,34.2,37,17.7,0.00,948.4,6.1,73
2026-06-03T10:00,33.8,37,17.1,0.00,947.6,6.3,15
2026-06-03T11:00,33.9,35,16.5,0.10,946.8,10.2,54
2026-06-03T12:00,35.0,29,14.2,0.00,946.3,6.2,24
2026-06-03T13:00,34.5,30,14.5,0.00,945.8,4.1,25
2026-06-03T14:00,32.3,39,16.5,0.00,945.5,3.7,9
2026-06-03T15:00,30.5,41,15.9,0.00,945.3,4.9,2
2026-06-03T16:00,29.6,43,15.8,0.00,945.6,4.6,1
2026-06-03T17:00,29.3,45,16.1,0.00,945.6,4.7,1
2026-06-03T18:00,29.9,48,17.6,0.00,945.4,1.2,1
2026-06-03T19:00,29.5,47,17.0,0.00,944.9,0.4,3
2026-06-03T20:00,29.0,48,17.0,0.00,944.6,0.9,1
2026-06-03T21:00,28.5,54,18.2,0.00,944.5,0.4,5
2026-06-03T22:00,28.0,49,16.4,0.00,944.3,0.2,2
2026-06-03T23:00,27.4,51,16.3,0.00,944.1,1.0,0
2026-06-04T00:00,24.1,69,18.1,0.00,945.1,17.5,98
2026-06-04T01:00,23.7,78,19.7,0.50,946.9,0.9,81
2026-06-04T02:00,23.6,79,19.8,0.60,947.1,11.2,77
2026-06-04T03:00,25.4,73,20.1,0.60,947.1,5.4,84
2026-06-04T04:00,27.0,64,19.7,0.00,948.2,5.2,13
2026-06-04T05:00,30.5,47,17.8,0.00,948.3,5.8,42
2026-06-04T06:00,30.3,40,15.4,0.00,947.9,11.1,78
2026-06-04T07:00,29.6,48,17.3,0.20,948.3,11.6,23
2026-06-04T08:00,31.0,43,17.1,0.20,948.1,6.4,45
2026-06-04T09:00,29.7,45,16.4,0.20,948.1,11.5,48
2026-06-04T10:00,30.0,45,16.8,0.30,947.4,3.3,39
2026-06-04T11:00,30.2,42,16.0,0.10,947.6,4.6,17
2026-06-04T12:00,29.6,41,15.0,0.00,947.6,9.0,67
2026-06-04T13:00,29.2,42,14.9,0.20,947.3,5.4,68
2026-06-04T14:00,27.8,48,15.8,0.00,947.2,4.6,100
2026-06-04T15:00,26.5,54,16.4,0.00,947.0,5.7,96
2026-06-04T16:00,26.1,55,16.5,0.00,947.1,6.6,49
2026-06-04T17:00,25.3,59,16.7,0.00,947.3,6.0,0
2026-06-04T18:00,24.4,59,16.0,0.00,946.2,6.1,0
2026-06-04T19:00,23.4,63,16.0,0.00,946.2,6.0,0
2026-06-04T20:00,23.0,65,16.1,0.00,945.7,4.4,0
2026-06-04T21:00,22.8,67,16.3,0.00,945.8,3.3,0
2026-06-04T22:00,22.8,66,16.2,0.00,945.7,3.5,0
2026-06-04T23:00,22.8,66,16.2,0.00,945.8,2.9,0
2026-06-05T00:00,23.7,64,16.4,0.00,946.3,1.7,0
2026-06-05T01:00,24.2,67,17.6,0.00,947.1,0.0,0
2026-06-05T02:00,25.8,55,16.2,0.00,947.8,1.4,0
2026-06-05T03:00,27.6,50,16.1,0.00,948.6,3.8,0
2026-06-05T04:00,29.1,44,15.5,0.00,949.2,7.3,0
2026-06-05T05:00,30.4,39,15.0,0.00,949.3,7.9,44
2026-06-05T06:00,31.3,34,13.6,0.00,949.7,8.4,23
2026-06-05T07:00,32.1,31,13.1,0.00,949.7,8.6,23
2026-06-05T08:00,33.0,29,12.7,0.00,949.0,7.4,41
2026-06-05T09:00,33.0,29,12.5,0.00,948.3,5.0,40
2026-06-05T10:00,33.4,28,12.3,0.00,947.9,2.4,70
2026-06-05T11:00,31.6,35,14.2,0.20,947.5,3.3,53
2026-06-05T12:00,32.5,29,12.0,0.20,946.8,2.7,20
2026-06-05T13:00,32.2,29,11.8,0.00,947.0,4.0,9
2026-06-05T14:00,29.9,35,12.9,0.00,946.8,4.4,5
2026-06-05T15:00,28.1,40,13.3,0.00,947.0,3.1,0
2026-06-05T16:00,27.0,47,14.8,0.00,947.4,6.5,0
2026-06-05T17:00,26.1,50,15.0,0.00,947.7,9.4,0
2026-06-05T18:00,26.8,46,14.3,0.00,947.9,7.4,0
2026-06-05T19:00,25.5,51,14.6,0.00,947.5,4.3,0
2026-06-05T20:00,24.7,53,14.5,0.00,947.2,3.4,0
2026-06-05T21:00,24.6,52,14.0,0.00,947.0,4.0,0
2026-06-05T22:00,24.6,51,13.6,0.00,946.8,4.2,0
2026-06-05T23:00,24.6,50,13.3,0.00,946.9,5.0,0
2026-06-06T00:00,24.6,50,13.5,0.00,947.4,5.4,0
2026-06-06T01:00,25.4,48,13.6,0.00,948.1,6.3,0
2026-06-06T02:00,28.1,40,13.4,0.00,949.1,6.1,0
2026-06-06T03:00,30.5,32,12.1,0.00,949.7,6.7,1
2026-06-06T04:00,32.1,27,10.7,0.00,950.0,8.0,28
2026-06-06T05:00,32.6,25,10.2,0.00,950.2,9.9,55
2026-06-06T06:00,33.9,22,9.5,0.00,950.3,6.1,7
2026-06-06T07:00,34.7,22,10.2,0.00,950.0,2.4,12
2026-06-06T08:00,35.3,23,10.9,0.00,949.3,6.4,13
2026-06-06T09:00,35.1,24,11.3,0.00,948.7,9.6,43
2026-06-06T10:00,34.6,24,11.1,0.10,948.2,5.0,67
2026-06-06T11:00,34.1,25,11.3,0.10,947.8,1.2,12
2026-06-06T12:00,32.3,34,14.3,0.00,947.9,13.4,42
2026-06-06T13:00,30.3,42,15.8,0.10,947.6,10.6,7
2026-06-06T14:00,29.8,42,15.5,0.00,947.1,5.1,1
2026-06-06T15:00,28.0,48,16.0,0.00,947.0,3.7,0
2026-06-06T16:00,27.1,53,16.6,0.00,947.6,2.0,0
2026-06-06T17:00,26.5,54,16.5,0.00,947.9,2.7,0
2026-06-06T18:00,26.8,52,16.1,0.00,947.8,2.0,0
2026-06-06T19:00,26.4,51,15.6,0.00,947.6,0.8,2
2026-06-06T20:00,26.1,51,15.3,0.00,947.4,0.5,5
2026-06-06T21:00,26.1,48,14.2,0.00,947.1,2.5,6
2026-06-06T22:00,25.7,46,13.2,0.00,946.8,4.1,8
2026-06-06T23:00,25.1,48,13.4,0.00,946.8,3.1,17
2026-06-07T00:00,25.0,50,14.0,0.00,947.3,2.9,11
2026-06-07T01:00,26.0,48,14.2,0.00,947.8,3.1,16
2026-06-07T02:00,29.1,39,13.8,0.00,948.9,4.4,3
2026-06-07T03:00,31.6,31,12.5,0.00,949.6,3.6,6
2026-06-07T04:00,33.4,26,11.3,0.00,950.1,4.8,34
2026-06-07T05:00,34.7,24,11.1,0.00,950.1,6.2,4
2026-06-07T06:00,35.1,23,11.1,0.00,950.5,6.5,20
2026-06-07T07:00,35.4,23,11.1,0.00,950.3,10.3,6
2026-06-07T08:00,35.6,22,11.0,0.00,949.8,9.9,30
2026-06-07T09:00,35.8,20,9.7,0.00,949.2,8.1,45
2026-06-07T10:00,35.7,19,8.7,0.00,948.7,4.1,18
2026-06-07T11:00,35.9,18,8.1,0.00,948.4,1.7,11
2026-06-07T12:00,36.5,16,7.1,0.00,947.4,6.4,8
2026-06-07T13:00,35.4,20,9.2,0.00,947.1,5.4,6
2026-06-07T14:00,33.2,30,13.5,0.00,946.8,1.0,2
2026-06-07T15:00,31.1,28,10.4,0.00,946.7,3.2,0
2026-06-07T16:00,30.5,28,9.8,0.00,947.1,6.2,0
2026-06-07T17:00,29.3,31,10.3,0.00,947.1,2.8,0
2026-06-07T18:00,29.7,30,10.5,0.00,946.9,1.6,0
2026-06-07T19:00,29.4,30,9.8,0.00,946.5,2.5,0
2026-06-07T20:00,28.8,30,9.7,0.00,946.2,3.4,0
2026-06-07T21:00,28.4,31,9.8,0.00,945.5,2.4,0
2026-06-07T22:00,27.8,33,10.1,0.00,945.3,2.6,0
2026-06-07T23:00,27.7,34,10.4,0.00,945.3,3.1,0
2026-06-08T00:00,27.2,40,12.4,0.00,945.6,3.7,0
2026-06-08T01:00,27.8,42,13.6,0.00,946.0,3.2,0
2026-06-08T02:00,30.8,34,13.2,0.00,946.9,4.4,0
2026-06-08T03:00,33.0,27,11.3,0.00,947.5,3.6,0
2026-06-08T04:00,34.9,19,7.9,0.00,947.8,3.3,0
2026-06-08T05:00,36.4,15,5.9,0.00,947.8,5.3,0
2026-06-08T06:00,37.2,16,7.1,0.00,947.6,9.3,0
2026-06-08T07:00,37.7,17,8.7,0.00,947.5,11.5,2
2026-06-08T08:00,38.1,16,8.2,0.00,947.0,12.6,0
2026-06-08T09:00,38.3,15,7.3,0.00,946.2,10.2,1
2026-06-08T10:00,38.4,15,7.4,0.00,945.7,7.5,1
2026-06-08T11:00,38.4,16,7.7,0.00,945.3,7.9,2
2026-06-08T12:00,37.9,16,7.7,0.00,945.2,7.2,1
2026-06-08T13:00,36.4,20,9.7,0.00,944.8,4.8,2
2026-06-08T14:00,33.8,25,11.3,0.00,944.3,1.6,0
2026-06-08T15:00,32.2,24,9.1,0.00,944.1,3.7,0
2026-06-08T16:00,31.7,27,10.1,0.00,944.5,1.8,0
2026-06-08T17:00,31.9,25,9.5,0.00,944.8,2.9,0
2026-06-08T18:00,31.3,29,11.0,0.00,944.4,5.1,0
2026-06-08T19:00,30.6,31,11.4,0.00,943.9,4.5,0
2026-06-08T20:00,29.7,32,11.4,0.00,943.6,5.2,0
2026-06-08T21:00,28.9,35,12.0,0.00,943.3,3.7,0
2026-06-08T22:00,27.7,38,11.9,0.00,943.2,3.6,0
2026-06-08T23:00,27.4,38,11.7,0.00,943.1,4.1,0
2026-06-09T00:00,28.4,32,10.1,0.00,943.2,5.4,0
2026-06-09T01:00,28.6,32,10.2,0.00,943.5,4.5,0
2026-06-09T02:00,31.6,27,10.5,0.00,944.1,5.4,0
2026-06-09T03:00,34.9,16,5.3,0.00,944.6,5.2,0
2026-06-09T04:00,36.8,12,2.3,0.00,945.1,3.3,0
2026-06-09T05:00,38.1,13,4.8,0.00,945.1,1.5,0
2026-06-09T06:00,38.8,13,5.1,0.00,945.1,3.8,0
2026-06-09T07:00,39.7,12,4.7,0.00,945.0,4.2,6
2026-06-09T08:00,40.1,11,4.6,0.00,944.3,6.5,13
2026-06-09T09:00,40.2,11,4.1,0.00,943.8,9.4,13
2026-06-09T10:00,40.2,11,3.9,0.00,943.4,9.9,13
2026-06-09T11:00,39.8,11,4.4,0.00,943.1,8.2,5
2026-06-09T12:00,40.3,11,4.5,0.00,942.4,7.0,17
2026-06-09T13:00,38.3,18,9.8,0.00,941.8,5.4,2
2026-06-09T14:00,35.7,18,7.6,0.00,941.7,10.0,0
2026-06-09T15:00,33.7,19,6.7,0.00,942.1,7.1,0
2026-06-09T16:00,32.5,21,7.6,0.00,942.7,1.1,0
2026-06-09T17:00,32.1,20,6.5,0.00,943.1,3.6,0
2026-06-09T18:00,32.3,21,7.3,0.00,942.8,4.2,0
2026-06-09T19:00,31.4,23,8.0,0.00,942.7,2.5,0
2026-06-09T20:00,30.8,24,7.8,0.00,942.7,0.5,0
2026-06-09T21:00,30.1,23,7.0,0.00,942.4,1.6,0
2026-06-09T22:00,29.9,23,6.7,0.00,942.2,4.8,0
2026-06-09T23:00,29.4,25,7.2,0.00,942.3,5.1,0
2026-06-10T00:00,29.1,25,7.3,0.00,942.6,5.2,0
2026-06-10T01:00,29.4,29,9.6,0.00,943.1,4.7,0
2026-06-10T02:00,32.0,31,12.6,0.00,943.9,6.2,0
2026-06-10T03:00,34.6,22,10.1,0.00,944.7,1.8,0
2026-06-10T04:00,36.6,17,7.4,0.00,945.2,5.5,0
2026-06-10T05:00,38.3,13,4.9,0.00,945.2,5.5,1
2026-06-10T06:00,39.0,12,4.4,0.00,945.4,4.9,14
2026-06-10T07:00,39.7,13,6.2,0.00,945.3,3.5,9
2026-06-10T08:00,40.3,13,6.7,0.00,944.3,4.4,17
2026-06-10T09:00,40.6,13,7.2,0.00,943.6,9.8,16
2026-06-10T10:00,40.4,14,8.2,0.00,943.1,12.6,12
2026-06-10T11:00,40.1,14,7.8,0.00,942.7,9.7,22
2026-06-10T12:00,40.0,14,7.0,0.00,942.2,2.3,52
2026-06-10T13:00,38.4,24,14.4,0.00,941.9,2.7,18
2026-06-10T14:00,36.2,24,12.2,0.00,941.7,1.8,25
2026-06-10T15:00,35.2,22,10.4,0.00,941.7,0.6,62
2026-06-10T16:00,34.8,23,10.3,0.00,942.0,0.0,59
2026-06-10T17:00,34.0,23,10.0,0.00,942.4,1.7,86
2026-06-10T18:00,33.4,27,11.9,0.00,942.4,0.4,98
2026-06-10T19:00,31.4,29,11.2,0.00,942.5,2.7,84
2026-06-10T20:00,31.0,29,10.6,0.00,942.0,4.1,66
2026-06-10T21:00,31.1,27,10.2,0.00,941.2,4.9,41
2026-06-10T22:00,29.3,30,9.9,0.00,941.0,5.5,52
2026-06-10T23:00,28.9,32,10.7,0.00,941.1,4.0,22
2026-06-11T00:00,27.9,39,12.8,0.00,941.5,4.9,0
2026-06-11T01:00,27.8,41,13.5,0.00,942.1,4.4,0
2026-06-11T02:00,31.1,34,13.2,0.00,943.0,6.8,0
2026-06-11T03:00,34.7,18,6.5,0.00,943.6,8.2,0
2026-06-11T04:00,37.0,14,5.2,0.00,944.1,11.1,0
2026-06-11T05:00,38.4,14,5.8,0.00,944.0,12.4,0
2026-06-11T06:00,38.9,13,5.7,0.00,944.4,11.9,0
2026-06-11T07:00,39.6,13,5.7,0.00,944.2,8.1,16
2026-06-11T08:00,40.1,13,6.0,0.00,943.6,5.8,8
2026-06-11T09:00,40.4,13,6.6,0.00,942.9,8.9,7
2026-06-11T10:00,40.2,13,6.7,0.00,942.5,13.6,48
2026-06-11T11:00,39.7,14,6.7,0.00,942.4,16.7,27
2026-06-11T12:00,39.8,12,4.9,0.00,941.2,16.9,5
2026-06-11T13:00,38.1,15,6.7,0.00,941.4,14.1,13
2026-06-11T14:00,35.7,23,11.5,0.00,941.3,1.7,13
2026-06-11T15:00,34.6,21,9.3,0.00,941.7,1.3,2
2026-06-11T16:00,33.3,24,9.7,0.00,942.7,1.6,0
2026-06-11T17:00,33.0,21,7.5,0.00,943.7,9.0,0
2026-06-11T18:00,33.0,23,9.2,0.00,943.0,11.6,0
2026-06-11T19:00,30.2,35,13.0,0.00,943.2,15.0,0
2026-06-11T20:00,29.0,42,14.9,0.00,943.8,13.2,0
2026-06-11T21:00,28.7,45,15.7,0.00,944.2,10.8,0
2026-06-11T22:00,27.9,48,16.0,0.00,944.6,5.5,0
2026-06-11T23:00,27.6,53,17.2,0.30,945.5,6.6,48
2026-06-12T00:00,26.9,54,16.7,0.00,946.3,7.1,73
2026-06-12T01:00,26.9,55,17.1,0.00,947.4,8.1,85
2026-06-12T02:00,27.8,53,17.3,0.00,948.0,12.8,88
2026-06-12T03:00,28.6,50,17.3,0.00,949.0,14.8,86
2026-06-12T04:00,29.6,48,17.4,0.00,950.0,15.6,21
2026-06-12T05:00,29.1,51,18.0,0.00,950.8,18.7,79
2026-06-12T06:00,30.4,46,17.5,1.20,951.6,13.9,81
2026-06-12T07:00,31.4,42,17.1,0.10,951.7,5.0,61
2026-06-12T08:00,32.0,40,16.9,0.00,951.1,5.8,55
2026-06-12T09:00,33.2,37,16.5,0.00,950.7,8.7,80
2026-06-12T10:00,31.3,40,16.2,0.20,950.7,7.6,39
2026-06-12T11:00,32.4,36,15.4,0.00,950.3,5.4,80
2026-06-12T12:00,29.7,51,18.5,0.10,949.4,8.5,99
2026-06-12T13:00,28.0,56,18.5,0.20,949.7,12.5,98
2026-06-12T14:00,27.5,58,18.5,0.00,949.5,2.6,61
2026-06-12T15:00,26.8,61,18.6,0.00,949.8,2.2,14
2026-06-12T16:00,26.2,64,18.8,0.00,950.7,1.7,37
2026-06-12T17:00,26.2,64,19.0,0.00,951.9,6.5,34
2026-06-12T18:00,25.6,67,19.0,0.00,950.1,0.7,92
2026-06-12T19:00,25.0,71,19.4,0.00,949.9,1.4,79
2026-06-12T20:00,24.6,73,19.5,0.00,949.5,0.5,0
2026-06-12T21:00,24.1,75,19.5,0.00,949.5,0.7,0
2026-06-12T22:00,23.7,78,19.5,0.00,949.6,2.2,1
2026-06-12T23:00,23.5,79,19.7,0.00,950.0,1.2,1
2026-06-13T00:00,23.9,67,17.4,0.00,948.5,5.2,3
2026-06-13T01:00,24.4,66,17.6,0.00,949.6,3.5,1
2026-06-13T02:00,26.1,61,18.1,0.00,950.5,3.9,2
2026-06-13T03:00,28.2,54,17.9,0.00,951.1,1.7,3
2026-06-13T04:00,29.6,47,17.1,0.00,951.5,8.6,30
2026-06-13T05:00,30.6,44,16.8,0.00,951.9,11.1,69
2026-06-13T06:00,31.5,36,14.5,0.20,952.1,11.8,53
2026-06-13T07:00,32.3,34,14.3,0.00,951.9,9.8,58
2026-06-13T08:00,33.0,32,14.0,0.10,951.4,8.1,38
2026-06-13T09:00,33.4,31,13.9,0.00,950.6,8.1,16
2026-06-13T10:00,33.5,31,14.0,0.00,950.3,9.4,30
2026-06-13T11:00,32.8,33,14.3,0.00,950.0,9.3,55
2026-06-13T12:00,33.7,26,11.5,0.00,949.5,7.6,32
2026-06-13T13:00,32.8,27,11.4,0.00,949.2,8.5,16
2026-06-13T14:00,31.3,30,11.9,0.00,949.4,8.6,5
2026-06-13T15:00,29.6,36,13.2,0.00,949.5,2.7,3
2026-06-13T16:00,28.9,37,12.8,0.00,950.4,3.8,1
2026-06-13T17:00,28.2,44,14.7,0.00,950.7,7.7,0
2026-06-13T18:00,27.7,48,15.8,0.00,949.9,4.6,0
2026-06-13T19:00,26.9,53,16.5,0.00,949.5,0.9,1
2026-06-13T20:00,26.5,57,17.3,0.00,948.9,0.5,0
2026-06-13T21:00,26.0,55,16.3,0.00,948.6,0.7,0
2026-06-13T22:00,25.6,56,16.2,0.00,948.5,1.4,0
2026-06-13T23:00,25.2,57,16.2,0.00,948.4,1.0,0
2026-06-14T00:00,24.6,57,15.6,0.00,948.1,3.1,0
2026-06-14T01:00,25.1,56,15.7,0.00,948.5,3.8,0
2026-06-14T02:00,27.4,47,15.3,0.00,949.1,3.2,0
2026-06-14T03:00,29.1,42,15.0,0.00,949.5,2.6,0
2026-06-14T04:00,30.7,39,15.0,0.00,949.7,2.0,0
2026-06-14T05:00,32.1,36,15.0,0.00,949.6,3.8,2
2026-06-14T06:00,32.7,35,15.1,0.00,949.4,6.1,41
2026-06-14T07:00,33.4,34,15.5,0.00,948.9,10.7,35
2026-06-14T08:00,33.3,35,15.7,0.10,948.3,13.0,18
2026-06-14T09:00,33.6,32,14.6,0.00,947.8,9.8,30
2026-06-14T10:00,34.3,28,13.3,0.00,947.2,9.5,23
2026-06-14T11:00,33.7,32,14.9,0.00,946.7,9.6,22
2026-06-14T12:00,34.7,25,12.0,0.00,945.4,11.1,5
2026-06-14T13:00,33.7,28,12.9,0.00,945.4,10.9,4
2026-06-14T14:00,32.2,32,13.5,0.00,945.4,6.1,1
2026-06-14T15:00,30.8,35,13.6,0.00,945.5,6.5,2
2026-06-14T16:00,29.9,39,14.4,0.00,946.1,4.2,0
2026-06-14T17:00,29.7,39,14.3,0.00,946.6,1.0,0
2026-06-14T18:00,29.9,50,18.5,0.00,946.0,0.5,0
2026-06-14T19:00,29.0,43,15.1,0.00,945.8,2.1,0
2026-06-14T20:00,28.5,44,15.0,0.00,945.3,4.1,0
2026-06-14T21:00,28.1,46,15.5,0.00,945.1,4.2,0
2026-06-14T22:00,27.7,48,15.8,0.00,945.0,3.6,0
2026-06-14T23:00,27.1,51,16.2,0.00,945.0,3.1,0
2026-06-15T00:00,26.9,52,16.1,0.00,945.7,2.3,0
2026-06-15T01:00,27.7,51,16.5,0.00,946.6,2.5,0
2026-06-15T02:00,29.8,44,16.3,0.00,947.3,2.4,0
2026-06-15T03:00,31.7,40,16.3,0.00,947.9,2.4,0
2026-06-15T04:00,33.3,37,16.5,0.00,948.6,4.9,0
2026-06-15T05:00,34.3,34,16.2,0.00,948.7,9.1,25
2026-06-15T06:00,34.8,31,15.3,0.00,948.4,9.7,27
2026-06-15T07:00,35.7,27,13.6,0.00,948.2,11.5,39
2026-06-15T08:00,35.8,27,13.8,0.00,948.0,11.6,57
2026-06-15T09:00,35.9,27,13.8,0.00,947.6,10.4,45
2026-06-15T10:00,36.0,26,13.2,0.00,947.2,7.4,45
2026-06-15T11:00,35.7,27,13.6,0.00,947.0,7.8,36
2026-06-15T12:00,36.6,22,11.5,0.00,945.3,6.0,3
2026-06-15T13:00,36.0,22,11.1,0.00,945.5,6.3,0
2026-06-15T14:00,33.4,30,13.4,0.00,945.9,5.8,0
2026-06-15T15:00,31.3,36,14.3,0.00,946.2,5.6,0
2026-06-15T16:00,30.6,37,14.4,0.00,947.3,5.7,0
2026-06-15T17:00,29.9,41,15.1,0.00,947.8,3.9,0
2026-06-15T18:00,30.2,46,17.3,0.00,947.6,0.6,0
2026-06-15T19:00,29.1,49,17.3,0.00,946.7,2.3,0
2026-06-15T20:00,28.5,51,17.3,0.00,946.6,2.0,2
2026-06-15T21:00,26.4,52,15.9,0.00,948.3,17.7,83
2026-06-15T22:00,24.9,61,16.8,0.00,947.8,10.4,19
2026-06-15T23:00,24.6,65,17.5,0.00,948.5,2.3,1
2026-06-16T00:00,26.6,52,16.0,0.00,947.6,4.2,0
2026-06-16T01:00,27.1,53,16.6,0.00,947.8,3.6,0
2026-06-16T02:00,28.9,47,16.4,0.00,948.7,3.8,0
2026-06-16T03:00,29.8,46,17.0,0.00,949.6,9.6,0
2026-06-16T04:00,30.9,45,17.4,0.00,950.4,9.0,0
2026-06-16T05:00,32.1,42,17.6,0.00,950.6,8.8,0
2026-06-16T06:00,33.0,39,17.2,0.00,950.9,8.0,1
2026-06-16T07:00,34.2,36,16.9,0.00,950.6,8.1,13
2026-06-16T08:00,35.2,33,16.4,0.00,950.1,7.9,34
2026-06-16T09:00,35.9,31,15.9,0.00,949.3,7.1,35
2026-06-16T10:00,35.8,31,16.0,0.00,948.7,6.7,34
2026-06-16T11:00,36.1,30,15.9,0.00,948.4,8.7,23
2026-06-16T12:00,35.5,30,15.1,0.00,947.6,7.6,29
2026-06-16T13:00,35.0,30,14.8,0.00,947.6,3.1,9
2026-06-16T14:00,33.1,38,16.7,0.00,947.6,4.2,7
2026-06-16T15:00,31.9,41,17.0,0.00,948.0,2.3,1
2026-06-16T16:00,30.7,42,16.3,0.00,948.9,4.9,0
2026-06-16T17:00,29.7,49,17.9,0.00,949.7,12.8,1
2026-06-16T18:00,29.2,51,18.1,0.00,949.4,10.7,0
2026-06-16T19:00,28.5,54,18.3,0.00,949.1,6.0,0
2026-06-16T20:00,28.0,57,18.7,0.00,949.1,3.1,0
2026-06-16T21:00,28.1,57,18.6,0.00,949.0,2.2,0
2026-06-16T22:00,27.7,58,18.7,0.00,948.9,2.6,0
2026-06-16T23:00,27.5,59,18.7,0.00,949.2,1.0,0
2026-06-17T00:00,26.2,63,18.5,0.00,948.6,2.4,0
2026-06-17T01:00,27.0,61,18.8,0.00,949.6,3.4,0
2026-06-17T02:00,29.4,52,18.4,0.00,950.5,2.8,0
2026-06-17T03:00,31.2,46,18.4,0.00,951.0,2.8,0
2026-06-17T04:00,32.8,44,18.9,0.00,951.0,4.8,0
2026-06-17T05:00,32.2,45,18.8,0.00,950.9,14.2,64
2026-06-17T06:00,33.4,36,16.5,0.70,951.4,12.2,57
2026-06-17T07:00,34.3,35,16.6,0.00,951.1,6.5,37
2026-06-17T08:00,35.1,32,16.0,0.00,950.3,5.8,26
2026-06-17T09:00,35.4,30,15.3,0.00,949.6,4.6,41
2026-06-17T10:00,35.4,29,14.5,0.00,949.3,5.0,31
2026-06-17T11:00,35.2,29,14.5,0.10,948.5,5.7,18
2026-06-17T12:00,35.8,27,13.6,0.00,947.7,3.7,61
2026-06-17T13:00,34.5,30,14.4,0.00,947.7,6.0,28
2026-06-17T14:00,32.7,37,16.2,0.00,947.8,3.8,5
2026-06-17T15:00,31.2,42,16.7,0.00,947.6,1.9,5
2026-06-17T16:00,29.8,44,16.4,0.00,948.8,7.9,2
2026-06-17T17:00,28.5,50,17.0,0.00,949.0,2.9,0
2026-06-17T18:00,27.7,54,17.7,0.00,949.5,4.8,0
2026-06-17T19:00,26.5,62,18.7,0.00,949.1,1.0,0
2026-06-17T20:00,26.2,64,18.9,0.00,949.3,0.8,0
2026-06-17T21:00,25.7,67,19.2,0.00,948.8,2.8,2
2026-06-17T22:00,25.2,71,19.5,0.00,948.7,3.0,0
2026-06-17T23:00,24.8,72,19.5,0.00,948.5,2.9,0
2026-06-18T00:00,25.2,72,19.7,0.00,948.8,3.8,0
2026-06-18T01:00,25.6,69,19.6,0.00,949.1,3.9,0
2026-06-18T02:00,26.7,65,19.6,0.00,950.2,9.1,0
2026-06-18T03:00,27.4,65,20.3,0.00,950.7,5.3,0
2026-06-18T04:00,29.3,58,20.1,0.00,950.5,4.4,0
2026-06-18T05:00,31.6,48,19.4,0.00,950.5,4.4,9
2026-06-18T06:00,32.9,39,17.3,0.00,950.8,4.8,26
2026-06-18T07:00,33.4,37,16.6,0.00,950.7,6.0,49
2026-06-18T08:00,33.7,35,15.9,0.10,949.8,5.2,59
2026-06-18T09:00,34.5,31,14.7,0.00,949.1,7.1,11
2026-06-18T10:00,34.8,28,13.7,0.00,948.6,7.2,28
2026-06-18T11:00,34.6,27,13.0,0.00,948.1,5.7,65
2026-06-18T12:00,33.5,31,14.2,0.00,947.6,7.4,78
2026-06-18T13:00,32.8,33,14.4,0.00,946.9,2.3,66
2026-06-18T14:00,31.3,42,16.9,0.00,946.9,2.9,20
2026-06-18T15:00,29.3,48,17.2,0.00,947.1,5.0,14
2026-06-18T16:00,28.8,51,17.6,0.00,948.1,3.8,73
2026-06-18T17:00,28.4,52,17.8,0.00,948.4,4.4,31
2026-06-18T18:00,28.2,55,18.4,0.00,947.5,0.6,62
2026-06-18T19:00,27.2,58,18.3,0.00,947.2,0.9,27
2026-06-18T20:00,26.7,60,18.2,0.00,947.1,1.9,7
2026-06-18T21:00,26.7,57,17.5,0.00,947.0,1.5,8
2026-06-18T22:00,26.8,54,16.8,0.00,946.9,1.2,12
2026-06-18T23:00,26.6,54,16.4,0.00,946.9,0.4,4
2026-06-19T00:00,25.9,62,18.0,0.00,947.1,0.4,3
2026-06-19T01:00,26.6,58,17.6,0.00,948.0,1.8,2
2026-06-19T02:00,29.3,45,16.2,0.00,948.7,3.5,2
2026-06-19T03:00,31.4,38,15.5,0.00,949.4,4.6,15
2026-06-19T04:00,32.8,34,15.0,0.00,949.7,4.5,23
2026-06-19T05:00,32.7,36,15.7,0.00,950.3,9.7,72
2026-06-19T06:00,34.3,30,14.0,0.00,949.8,4.9,23
2026-06-19T07:00,34.5,29,14.1,0.00,949.9,0.9,65
2026-06-19T08:00,34.3,30,14.1,0.10,949.7,5.0,27
2026-06-19T09:00,34.5,30,14.3,0.10,949.4,6.9,43
2026-06-19T10:00,33.5,33,14.8,0.50,949.3,12.4,33
2026-06-19T11:00,33.5,31,14.2,0.20,948.8,8.1,38
2026-06-19T12:00,31.6,38,15.8,0.00,949.2,16.4,75
2026-06-19T13:00,30.9,40,15.7,0.00,949.3,5.5,14
2026-06-19T14:00,29.5,45,16.3,0.00,949.1,7.7,73
2026-06-19T15:00,28.4,49,16.5,0.00,948.9,4.8,52
2026-06-19T16:00,27.6,53,17.2,0.00,949.4,3.5,5
2026-06-19T17:00,27.1,57,17.7,0.00,949.7,2.2,0
2026-06-19T18:00,26.3,62,18.4,0.00,950.0,1.5,0
2026-06-19T19:00,26.0,57,16.8,0.00,949.6,3.4,1
2026-06-19T20:00,25.7,58,16.9,0.00,949.1,2.2,1
2026-06-19T21:00,25.5,59,16.8,0.00,949.0,1.5,2
2026-06-19T22:00,25.0,58,16.3,0.00,948.5,3.5,5
2026-06-19T23:00,24.7,60,16.4,0.00,948.6,3.9,0
2026-06-20T00:00,24.3,61,16.4,0.00,948.7,3.1,0
2026-06-20T01:00,25.3,56,16.0,0.00,949.1,3.6,0
2026-06-20T02:00,27.6,48,15.7,0.00,949.8,1.9,0
2026-06-20T03:00,29.6,43,15.8,0.00,950.5,1.6,0
2026-06-20T04:00,31.4,39,15.7,0.00,950.7,4.2,0
2026-06-20T05:00,32.7,36,15.9,0.00,950.5,6.4,1
2026-06-20T06:00,33.4,33,14.8,0.00,951.0,8.9,25
2026-06-20T07:00,33.7,33,15.2,0.10,950.6,8.8,27
2026-06-20T08:00,33.7,33,15.3,0.10,950.0,8.6,8
2026-06-20T09:00,34.4,31,14.8,0.00,949.5,6.2,16
2026-06-20T10:00,34.6,27,13.0,0.00,948.9,4.6,9
2026-06-20T11:00,34.3,25,11.7,0.00,948.7,2.5,66
2026-06-20T12:00,34.7,23,10.2,0.00,948.0,3.0,41
2026-06-20T13:00,33.8,25,10.8,0.00,947.7,1.6,7
2026-06-20T14:00,31.6,34,13.7,0.00,947.5,3.4,5
2026-06-20T15:00,29.7,39,14.2,0.00,947.4,2.5,1
2026-06-20T16:00,28.7,41,14.1,0.00,948.1,2.6,0
2026-06-20T17:00,28.3,40,13.6,0.00,948.3,2.9,0
2026-06-20T18:00,29.0,42,14.7,0.00,948.3,0.8,0
2026-06-20T19:00,27.5,46,14.8,0.00,947.6,2.3,0
2026-06-20T20:00,26.5,51,15.4,0.00,947.1,2.0,0
2026-06-20T21:00,26.0,53,15.6,0.00,946.5,3.5,0
2026-06-20T22:00,25.3,54,15.4,0.00,946.0,6.3,0
2026-06-20T23:00,25.3,53,15.0,0.00,947.4,13.6,54
2026-06-21T00:00,26.2,49,14.7,0.20,946.7,5.0,0
2026-06-21T01:00,26.3,50,15.1,0.00,947.9,12.3,9
2026-06-21T02:00,28.5,46,15.8,0.00,948.2,2.5,0
2026-06-21T03:00,29.8,44,16.1,0.00,948.8,5.7,2
2026-06-21T04:00,31.1,42,16.7,0.00,948.8,5.1,0
2026-06-21T05:00,32.7,38,16.5,0.00,948.6,5.1,0
2026-06-21T06:00,34.5,29,13.7,0.00,948.5,4.8,52
2026-06-21T07:00,35.4,26,12.7,0.20,948.0,3.2,5
2026-06-21T08:00,35.8,26,13.1,0.00,947.7,9.0,25
2026-06-21T09:00,35.7,26,13.3,0.00,946.7,10.0,9
2026-06-21T10:00,35.7,25,12.9,0.00,946.4,12.6,32
2026-06-21T11:00,35.4,25,12.1,0.00,946.3,8.7,44
2026-06-21T12:00,35.3,24,11.5,0.00,945.3,5.2,36
2026-06-21T13:00,34.3,28,13.3,0.00,945.7,6.9,34
2026-06-21T14:00,31.9,40,16.4,0.00,945.9,4.7,20
2026-06-21T15:00,30.1,46,17.1,0.00,945.8,4.2,2
2026-06-21T16:00,29.5,49,17.8,0.00,946.7,1.5,0
2026-06-21T17:00,29.2,48,17.1,0.00,947.3,1.9,2
2026-06-21T18:00,28.9,46,16.2,0.00,946.9,2.8,0
2026-06-21T19:00,28.0,49,16.2,0.00,946.5,2.8,0
2026-06-21T20:00,27.4,51,16.3,0.00,946.5,2.7,10
2026-06-21T21:00,24.7,70,18.9,0.30,947.0,3.6,94
2026-06-21T22:00,24.0,70,18.2,0.10,946.4,7.7,76
2026-06-21T23:00,23.4,81,20.0,0.10,946.9,3.3,28
2026-06-22T00:00,26.4,52,15.9,0.00,946.9,2.8,0
2026-06-22T01:00,27.2,48,15.3,0.00,948.4,11.2,9
2026-06-22T02:00,27.7,47,15.4,0.00,948.9,6.4,1
2026-06-22T03:00,29.5,41,14.9,0.00,949.5,1.9,0
2026-06-22T04:00,31.1,37,14.7,0.00,949.6,5.1,0
2026-06-22T05:00,32.5,35,14.9,0.00,949.5,5.6,8
2026-06-22T06:00,32.5,34,14.5,0.00,949.3,7.9,10
2026-06-22T07:00,33.8,31,14.3,0.10,949.3,11.3,20
2026-06-22T08:00,33.5,30,13.6,2.10,949.0,10.3,64
2026-06-22T09:00,33.2,31,14.0,1.00,948.2,2.4,12
2026-06-22T10:00,33.9,31,14.2,0.00,947.9,10.7,30
2026-06-22T11:00,32.6,35,15.3,0.10,947.8,12.7,11
2026-06-22T12:00,33.6,31,14.4,0.00,946.8,9.2,19
2026-06-22T13:00,32.6,34,14.7,0.00,947.0,7.5,10
2026-06-22T14:00,31.0,39,15.5,0.00,946.8,5.8,2
2026-06-22T15:00,29.6,41,15.0,0.00,946.9,5.9,1
2026-06-22T16:00,28.5,46,15.8,0.00,947.4,2.3,0
2026-06-22T17:00,27.9,46,15.2,0.00,947.6,4.6,0
2026-06-22T18:00,28.4,49,16.8,0.00,947.0,2.5,16
2026-06-22T19:00,26.9,54,16.7,0.00,946.8,3.0,6
2026-06-22T20:00,26.2,58,17.2,0.00,946.5,4.2,1
2026-06-22T21:00,25.3,62,17.6,0.00,946.1,5.0,0
2026-06-22T22:00,24.9,64,17.6,0.00,946.0,5.9,0
2026-06-22T23:00,24.6,64,17.4,0.00,946.2,4.9,0
2026-06-23T00:00,24.8,65,17.7,0.00,946.2,3.8,0
2026-06-23T01:00,25.7,62,17.8,0.00,946.6,4.5,0
2026-06-23T02:00,28.5,50,17.1,0.00,947.3,5.2,0
2026-06-23T03:00,30.6,42,16.3,0.00,947.6,6.4,0
2026-06-23T04:00,32.1,38,16.2,0.00,947.6,7.2,0
2026-06-23T05:00,33.3,35,16.0,0.00,947.6,6.9,0
2026-06-23T06:00,33.6,34,15.6,0.00,947.6,3.6,2
2026-06-23T07:00,34.7,32,15.7,0.00,946.9,6.0,2
2026-06-23T08:00,35.2,32,15.9,0.00,946.0,7.9,1
2026-06-23T09:00,35.5,31,15.9,0.00,945.2,8.0,5
2026-06-23T10:00,35.6,31,15.7,0.00,944.4,7.5,2
2026-06-23T11:00,35.7,30,15.2,0.00,943.9,6.7,7
2026-06-23T12:00,35.7,26,13.5,0.00,943.2,5.4,1
2026-06-23T13:00,35.3,26,13.0,0.00,942.8,2.9,0
2026-06-23T14:00,32.9,35,15.4,0.00,942.5,4.5,1
2026-06-23T15:00,31.7,40,16.3,0.00,943.1,9.2,1
2026-06-23T16:00,30.1,47,17.5,0.00,943.6,4.9,0
2026-06-23T17:00,29.6,48,17.5,0.00,944.0,3.0,0
2026-06-23T18:00,29.7,50,18.3,0.00,943.7,3.6,0
2026-06-23T19:00,29.0,50,17.5,0.00,943.8,4.9,0
2026-06-23T20:00,28.7,51,17.5,0.00,943.9,4.6,0
2026-06-23T21:00,28.5,51,17.4,0.00,943.9,5.1,0
2026-06-23T22:00,28.1,53,17.6,0.00,943.9,4.6,0
2026-06-23T23:00,27.7,55,17.9,0.00,943.8,3.5,0
2026-06-24T00:00,28.5,54,18.3,0.00,944.3,0.4,0
2026-06-24T01:00,28.4,59,19.5,0.00,944.8,1.9,0
2026-06-24T02:00,30.5,50,18.7,0.00,945.6,1.2,0
2026-06-24T03:00,32.7,44,18.7,0.00,946.3,1.0,0
2026-06-24T04:00,34.4,40,18.8,0.00,946.8,3.7,0
2026-06-24T05:00,36.0,33,17.4,0.00,947.0,5.3,13
2026-06-24T06:00,36.3,30,15.8,0.00,946.8,9.1,7
2026-06-24T07:00,37.1,28,15.4,0.00,946.4,9.8,13
2026-06-24T08:00,37.5,27,15.3,0.00,945.7,8.7,5
2026-06-24T09:00,37.9,26,15.3,0.00,944.9,7.2,7
2026-06-24T10:00,38.2,26,15.1,0.00,944.5,5.8,8
2026-06-24T11:00,38.3,25,14.8,0.00,943.7,4.2,11
2026-06-24T12:00,38.6,24,14.6,0.00,942.5,8.0,16
2026-06-24T13:00,37.8,25,14.7,0.00,942.3,5.6,6
2026-06-24T14:00,35.4,31,15.5,0.00,942.1,6.5,2
2026-06-24T15:00,33.5,37,16.9,0.00,942.7,7.1,1
2026-06-24T16:00,32.2,43,18.2,0.00,943.6,4.3,1
2026-06-24T17:00,31.9,44,18.2,0.00,944.4,3.1,0
2026-06-24T18:00,31.6,46,18.6,0.00,944.5,1.8,0
2026-06-24T19:00,31.1,46,18.2,0.00,944.5,0.9,0
2026-06-24T20:00,30.8,46,18.0,0.00,944.6,1.1,0
2026-06-24T21:00,30.5,46,17.6,0.00,944.6,0.9,0
2026-06-24T22:00,30.3,46,17.4,0.00,944.6,1.1,5
2026-06-24T23:00,25.9,65,18.7,0.10,946.4,26.6,75
2026-06-25T00:00,24.2,82,21.0,0.30,946.5,18.0,76
2026-06-25T01:00,25.6,77,21.3,0.10,946.2,4.9,1
2026-06-25T02:00,27.7,64,20.4,0.00,947.7,3.5,1
2026-06-25T03:00,30.0,54,19.6,0.00,948.7,9.3,1
2026-06-25T04:00,31.3,48,19.1,0.00,949.4,13.9,0
2026-06-25T05:00,32.5,47,19.8,0.00,949.6,13.4,0
2026-06-25T06:00,33.7,44,19.9,0.00,949.8,9.7,5
2026-06-25T07:00,34.9,41,19.9,0.00,949.5,9.1,17
2026-06-25T08:00,35.3,41,19.9,0.10,948.9,8.3,21
2026-06-25T09:00,35.7,39,19.7,0.00,948.0,6.8,19
2026-06-25T10:00,36.0,39,19.7,0.00,947.4,7.9,13
2026-06-25T11:00,35.9,39,19.6,0.00,946.8,7.1,22
2026-06-25T12:00,35.3,40,19.6,0.00,947.3,6.1,61
2026-06-25T13:00,34.1,43,19.7,0.00,947.0,7.8,60
2026-06-25T14:00,32.9,46,19.7,0.00,946.8,9.9,86
2026-06-25T15:00,31.7,50,20.1,0.00,946.9,4.3,91
2026-06-25T16:00,30.9,55,20.8,0.00,947.4,3.3,28
2026-06-25T17:00,30.3,56,20.5,0.00,947.7,4.5,1
2026-06-25T18:00,30.4,53,19.8,0.00,947.4,6.4,70
2026-06-25T19:00,29.3,58,20.0,0.00,947.2,5.4,26
2026-06-25T20:00,28.4,61,20.3,0.00,947.3,4.2,32
2026-06-25T21:00,28.2,63,20.4,0.00,947.1,2.7,20
2026-06-25T22:00,28.4,61,20.2,0.00,947.3,0.7,34
2026-06-25T23:00,28.2,61,20.0,0.00,947.6,0.6,21
2026-06-26T00:00,28.2,63,20.6,0.00,947.8,2.2,2
2026-06-26T01:00,28.5,65,21.2,0.00,948.7,0.7,15
2026-06-26T02:00,30.2,56,20.3,0.00,949.7,2.1,5
2026-06-26T03:00,31.7,50,20.2,0.00,950.4,1.4,0
2026-06-26T04:00,33.1,46,19.9,0.00,950.6,2.2,4
2026-06-26T05:00,34.1,44,19.9,0.10,950.6,4.9,12
2026-06-26T06:00,34.4,40,19.1,0.10,950.8,7.2,14
2026-06-26T07:00,34.9,39,18.8,0.00,950.6,5.6,29
2026-06-26T08:00,35.6,37,18.5,0.00,950.1,3.6,10
2026-06-26T09:00,36.1,36,18.7,0.00,949.1,4.9,9
2026-06-26T10:00,36.1,36,18.5,0.00,948.6,4.9,6
2026-06-26T11:00,36.0,36,18.8,0.00,948.1,6.0,16
2026-06-26T12:00,33.4,44,19.4,0.10,947.4,8.8,14
2026-06-26T13:00,34.1,42,19.4,0.10,947.5,7.9,3
2026-06-26T14:00,33.2,54,22.6,0.00,947.2,0.4,7
2026-06-26T15:00,32.0,51,20.5,0.00,947.3,0.4,3
2026-06-26T16:00,31.4,53,20.8,0.00,948.1,3.2,0
2026-06-26T17:00,30.9,55,20.9,0.00,948.3,3.4,0
2026-06-26T18:00,30.9,54,20.4,0.00,948.2,2.6,0
2026-06-26T19:00,30.1,56,20.4,0.00,947.9,3.0,0
2026-06-26T20:00,29.7,59,20.8,0.00,948.0,2.3,0
2026-06-26T21:00,29.5,59,20.5,0.00,947.8,2.4,1
2026-06-26T22:00,29.6,56,19.9,0.00,947.7,2.5,1
2026-06-26T23:00,29.5,55,19.6,0.00,947.8,2.4,0
2026-06-27T00:00,28.8,58,19.9,0.00,947.6,2.8,0
2026-06-27T01:00,29.7,56,20.0,0.00,948.3,3.6,0
2026-06-27T02:00,31.8,49,19.8,0.00,949.1,4.5,0
2026-06-27T03:00,33.2,45,19.5,0.00,949.4,2.4,0
2026-06-27T04:00,34.4,42,19.6,0.00,949.8,2.5,0
2026-06-27T05:00,35.5,40,19.7,0.00,949.7,5.4,12
2026-06-27T06:00,35.7,38,19.3,0.00,949.7,8.6,12
2026-06-27T07:00,36.3,37,19.2,0.00,949.1,8.5,17
2026-06-27T08:00,36.9,35,18.8,0.00,948.2,7.3,16
2026-06-27T09:00,37.5,33,18.5,0.00,947.2,6.8,11
2026-06-27T10:00,37.9,32,18.3,0.00,946.4,7.1,9
2026-06-27T11:00,37.9,31,18.0,0.00,945.5,4.6,9
2026-06-27T12:00,38.4,29,17.3,0.00,944.7,4.8,6
2026-06-27T13:00,37.9,30,17.3,0.00,944.4,0.9,0
2026-06-27T14:00,35.8,41,20.6,0.00,944.2,1.7,0
2026-06-27T15:00,33.5,42,18.7,0.00,944.0,4.5,1
2026-06-27T16:00,32.5,44,18.7,0.00,944.6,4.5,0
2026-06-27T17:00,31.7,48,19.3,0.00,945.0,2.7,0
2026-06-27T18:00,32.2,49,20.2,0.00,944.7,0.8,0
2026-06-27T19:00,32.0,49,19.9,0.00,944.7,1.7,0
2026-06-27T20:00,31.9,48,19.7,0.00,944.4,1.5,0
2026-06-27T21:00,31.5,49,19.6,0.00,944.1,1.0,0
2026-06-27T22:00,31.0,50,19.4,0.00,944.2,0.4,0
2026-06-27T23:00,30.5,51,19.1,0.00,944.2,2.4,0
2026-06-28T00:00,29.5,54,19.3,0.00,943.8,2.7,0
2026-06-28T01:00,30.4,53,19.7,0.00,944.2,3.5,0
2026-06-28T02:00,32.6,48,20.0,0.00,945.0,4.4,0
2026-06-28T03:00,34.6,39,18.5,0.00,945.6,4.2,0
2026-06-28T04:00,36.1,35,18.0,0.00,945.9,4.0,0
2026-06-28T05:00,37.3,32,18.1,0.00,946.0,4.4,0
2026-06-28T06:00,38.4,30,17.8,0.00,946.0,5.8,3
2026-06-28T07:00,39.1,28,17.6,0.00,945.5,8.1,24
2026-06-28T08:00,39.4,27,17.0,0.00,945.1,10.4,25
2026-06-28T09:00,39.6,25,15.8,0.00,944.3,10.2,23
2026-06-28T10:00,39.8,24,15.3,0.00,943.5,8.3,4
2026-06-28T11:00,40.1,23,15.3,0.00,942.7,6.9,5
2026-06-28T12:00,39.9,23,15.0,0.00,942.0,6.1,2
2026-06-28T13:00,39.0,25,15.3,0.00,941.9,7.3,1
2026-06-28T14:00,36.6,32,17.4,0.00,941.7,4.6,0
2026-06-28T15:00,34.6,39,18.5,0.00,941.9,4.2,0
2026-06-28T16:00,34.1,40,18.8,0.00,942.5,0.8,0
2026-06-28T17:00,33.4,40,18.1,0.00,942.5,1.5,0
2026-06-28T18:00,32.6,44,18.8,0.00,942.3,4.2,0
2026-06-28T19:00,32.0,44,18.4,0.00,942.1,2.9,0
2026-06-28T20:00,31.8,44,18.2,0.00,942.0,1.3,0
2026-06-28T21:00,31.1,46,18.1,0.00,942.0,1.0,0
2026-06-28T22:00,30.2,47,17.7,0.00,942.0,3.6,0
2026-06-28T23:00,30.1,47,17.5,0.00,942.1,4.0,0
2026-06-29T00:00,28.9,60,20.2,0.00,941.8,4.7,0
2026-06-29T01:00,29.2,63,21.5,0.00,942.1,5.1,0
2026-06-29T02:00,31.6,57,22.0,0.00,942.8,4.6,0
2026-06-29T03:00,33.5,50,21.7,0.00,943.4,1.8,0
2026-06-29T04:00,35.9,42,20.8,0.00,943.8,3.1,0
2026-06-29T05:00,38.1,32,18.7,0.00,943.7,3.1,0
2026-06-29T06:00,38.8,29,17.7,0.00,943.9,4.2,0
2026-06-29T07:00,39.7,28,17.8,0.00,943.8,7.5,0
2026-06-29T08:00,40.3,28,18.2,0.00,943.3,9.9,0
2026-06-29T09:00,40.7,27,17.9,0.00,942.7,10.4,0
2026-06-29T10:00,40.7,26,17.5,0.00,942.2,8.3,0
2026-06-29T11:00,40.5,26,17.3,0.00,941.4,5.3,0
2026-06-29T12:00,40.5,26,17.1,0.00,941.1,7.9,1
2026-06-29T13:00,39.3,27,17.0,0.00,940.8,10.9,1
2026-06-29T14:00,36.9,35,18.8,0.00,940.3,4.4,0
2026-06-29T15:00,35.5,38,18.9,0.00,940.5,4.0,0
2026-06-29T16:00,34.6,42,19.6,0.00,941.1,2.2,1
2026-06-29T17:00,33.4,42,18.8,0.00,941.3,4.5,0
2026-06-29T18:00,33.3,44,19.4,0.00,940.8,4.9,0
2026-06-29T19:00,32.9,47,20.0,0.00,940.8,2.8,0
2026-06-29T20:00,32.9,47,20.2,0.00,941.0,0.9,0
2026-06-29T21:00,32.5,47,19.9,0.00,940.9,0.7,0
2026-06-29T22:00,32.0,48,19.7,0.00,940.9,1.1,0
2026-06-29T23:00,31.4,50,19.8,0.00,941.1,1.0,0
2026-06-30T00:00,30.7,53,20.1,0.00,941.1,3.1,0
2026-06-30T01:00,31.1,54,20.6,0.00,942.0,3.6,0
2026-06-30T02:00,33.3,48,20.9,0.00,942.6,4.1,0
2026-06-30T03:00,34.9,44,20.9,0.00,943.2,3.7,0
2026-06-30T04:00,36.5,42,21.4,0.00,943.4,5.4,0
2026-06-30T05:00,38.2,38,21.3,0.00,943.3,5.6,0
2026-06-30T06:00,39.0,35,20.7,0.00,943.8,5.6,15
2026-06-30T07:00,39.9,31,19.6,0.00,943.8,9.6,23
2026-06-30T08:00,39.8,31,19.3,0.00,943.3,12.0,13
2026-06-30T09:00,40.5,26,17.5,0.00,942.7,7.1,13
2026-06-30T10:00,40.8,27,18.1,0.00,942.2,8.4,9
2026-06-30T11:00,40.7,29,19.4,0.00,941.4,13.7,12
2026-06-30T12:00,40.4,27,18.1,0.00,941.1,16.1,32
2026-06-30T13:00,39.3,29,18.1,0.00,941.2,13.5,38
2026-06-30T14:00,37.4,34,18.8,0.00,941.1,9.2,3
2026-06-30T15:00,35.6,37,18.7,0.00,941.0,6.3,2
2026-06-30T16:00,34.9,41,19.8,0.00,941.9,2.0,1
2026-06-30T17:00,33.7,43,19.6,0.00,942.6,4.5,0
2026-06-30T18:00,33.7,48,21.1,0.00,942.3,3.6,0
2026-06-30T19:00,32.8,51,21.3,0.00,942.2,1.5,0
2026-06-30T20:00,31.8,55,21.6,0.00,942.3,2.2,0
2026-06-30T21:00,31.2,58,21.9,0.00,942.0,1.6,0
2026-06-30T22:00,30.9,59,22.1,0.00,942.0,1.2,0
2026-06-30T23:00,30.7,59,21.9,0.00,942.2,1.0,0
2026-07-01T00:00,30.8,64,23.3,0.00,941.6,2.1,2
2026-07-01T01:00,31.3,64,23.6,0.00,942.2,3.4,5
2026-07-01T02:00,33.1,56,23.3,0.00,943.0,3.1,4
2026-07-01T03:00,34.5,52,23.3,0.00,943.7,6.4,0
2026-07-01T04:00,35.8,49,23.3,0.00,944.3,9.5,1
2026-07-01T05:00,35.9,51,24.2,0.00,944.6,14.5,21
2026-07-01T06:00,36.5,42,21.7,0.00,944.9,10.4,13
2026-07-01T07:00,37.8,38,21.1,0.00,944.5,8.8,19
2026-07-01T08:00,38.7,35,20.4,0.00,944.0,5.3,8
2026-07-01T09:00,38.9,32,19.1,0.00,943.3,13.6,17
2026-07-01T10:00,39.3,32,19.5,0.00,942.6,12.8,49
2026-07-01T11:00,39.3,32,19.4,0.10,942.0,16.0,29
2026-07-01T12:00,38.1,36,20.5,0.20,941.2,11.3,19
2026-07-01T13:00,31.8,52,20.8,0.00,942.0,25.5,50
2026-07-01T14:00,27.4,89,25.5,1.00,942.5,6.0,69
2026-07-01T15:00,28.7,80,24.9,0.00,943.5,3.5,5
2026-07-01T16:00,28.8,79,24.8,0.00,944.8,2.9,2
2026-07-01T17:00,28.7,78,24.5,0.00,945.7,3.8,3
2026-07-01T18:00,26.9,71,21.1,0.00,946.4,7.6,77
2026-07-01T19:00,26.5,73,21.2,0.00,946.3,1.0,78
2026-07-01T20:00,26.3,75,21.6,0.00,945.8,1.2,41
2026-07-01T21:00,26.2,78,22.1,0.00,945.8,1.8,72
2026-07-01T22:00,26.1,83,22.9,0.20,945.7,1.0,77
2026-07-01T23:00,25.6,85,22.9,0.00,945.7,1.8,57
2026-07-02T00:00,26.8,79,22.9,0.00,945.0,1.7,1
2026-07-02T01:00,27.0,77,22.6,0.00,945.7,4.2,8
2026-07-02T02:00,28.4,68,21.9,0.00,946.7,5.4,21
2026-07-02T03:00,29.6,63,21.9,0.00,947.3,7.6,42
2026-07-02T04:00,31.0,58,21.8,0.00,947.5,9.5,29
2026-07-02T05:00,32.1,55,22.0,0.30,947.2,8.0,36
2026-07-02T06:00,32.7,50,21.0,0.20,947.8,6.8,54
2026-07-02T07:00,33.3,49,21.2,0.10,947.2,6.8,54
2026-07-02T08:00,34.2,47,21.3,0.30,946.4,7.4,45
2026-07-02T09:00,34.9,46,21.4,0.20,945.9,5.6,11
2026-07-02T10:00,35.6,44,21.5,0.10,945.3,6.3,14
2026-07-02T11:00,34.9,46,21.6,0.00,944.8,6.7,9
2026-07-02T12:00,35.3,40,19.7,0.00,944.7,9.4,10
2026-07-02T13:00,34.6,41,19.5,0.00,944.6,8.2,10
2026-07-02T14:00,33.4,48,20.9,0.00,944.4,1.1,4
2026-07-02T15:00,32.1,50,20.2,0.00,944.5,3.1,1
2026-07-02T16:00,31.4,52,20.4,0.00,945.5,4.3,2
2026-07-02T17:00,30.8,55,20.6,0.00,946.1,4.2,9
2026-07-02T18:00,30.9,58,21.7,0.00,946.3,1.5,24
2026-07-02T19:00,26.8,80,23.1,1.30,947.2,14.3,81
2026-07-02T20:00,26.7,86,24.1,1.80,946.5,4.3,41
2026-07-02T21:00,26.7,91,25.1,0.50,946.9,2.2,53
2026-07-02T22:00,26.4,91,24.9,0.00,947.0,8.4,5
2026-07-02T23:00,24.4,89,22.5,1.50,947.9,12.6,87
2026-07-03T00:00,24.9,92,23.6,1.50,946.7,4.6,67
2026-07-03T01:00,25.7,89,23.7,0.00,947.3,8.3,2
2026-07-03T02:00,28.2,67,21.5,0.00,948.3,9.8,2
2026-07-03T03:00,30.0,58,20.8,0.00,948.9,9.7,47
2026-07-03T04:00,31.0,57,21.3,0.00,949.1,7.2,36
2026-07-03T05:00,31.8,54,21.4,0.20,949.3,3.8,42
2026-07-03T06:00,33.5,46,20.3,0.10,949.3,4.7,21
2026-07-03T07:00,34.6,44,20.4,0.20,948.9,8.0,5
2026-07-03T08:00,35.3,41,20.1,0.00,948.0,7.4,5
2026-07-03T09:00,36.1,38,19.7,0.00,947.2,4.9,6
2026-07-03T10:00,36.5,37,19.3,0.00,946.3,5.7,25
2026-07-03T11:00,36.6,36,18.9,0.00,945.3,6.4,11
2026-07-03T12:00,35.5,39,19.3,0.00,944.9,4.7,23
2026-07-03T13:00,35.2,40,19.6,0.00,944.5,4.4,13
2026-07-03T14:00,33.7,45,20.3,0.00,944.3,5.1,16
2026-07-03T15:00,32.3,52,21.2,0.00,944.5,1.3,1
2026-07-03T16:00,31.3,54,20.9,0.00,945.2,1.8,0
2026-07-03T17:00,30.5,58,21.4,0.00,945.5,3.1,0
2026-07-03T18:00,29.5,62,21.4,0.00,945.1,2.7,0
2026-07-03T19:00,28.9,62,20.8,0.00,945.3,2.5,0
2026-07-03T20:00,29.0,59,20.2,0.00,945.0,3.5,4
2026-07-03T21:00,28.8,58,19.8,0.00,945.0,2.3,0
2026-07-03T22:00,28.7,58,19.6,0.00,945.2,1.3,0
2026-07-03T23:00,28.6,57,19.4,0.00,945.3,1.2,0
2026-07-04T00:00,28.3,60,19.9,0.00,945.4,1.1,0
2026-07-04T01:00,28.6,61,20.3,0.00,946.2,2.5,0
2026-07-04T02:00,30.7,53,20.0,0.00,947.0,3.8,0
2026-07-04T03:00,32.6,45,19.2,0.00,947.2,1.6,0
2026-07-04T04:00,34.1,41,18.9,0.00,947.2,1.6,1
2026-07-04T05:00,35.1,39,19.1,0.00,946.7,3.9,14
2026-07-04T06:00,35.6,36,18.2,0.00,947.1,5.3,5
2026-07-04T07:00,36.6,33,17.9,0.00,946.6,6.2,16
2026-07-04T08:00,37.0,32,17.6,0.00,945.3,6.8,8
2026-07-04T09:00,37.4,31,17.3,0.00,944.6,7.3,4
2026-07-04T10:00,37.5,30,17.0,0.00,943.9,7.3,13
2026-07-04T11:00,37.7,28,16.4,0.00,943.1,6.1,19
2026-07-04T12:00,37.7,28,16.1,0.00,943.0,4.0,8
2026-07-04T13:00,37.3,30,16.7,0.00,942.2,0.2,2
2026-07-04T14:00,35.5,36,18.0,0.00,941.8,4.9,1
2026-07-04T15:00,33.4,41,18.2,0.00,941.8,3.8,0
2026-07-04T16:00,32.9,42,18.3,0.00,942.3,1.4,0
2026-07-04T17:00,32.1,44,18.4,0.00,942.5,1.4,0
2026-07-04T18:00,31.8,46,18.8,0.00,942.4,0.6,0
2026-07-04T19:00,30.9,48,18.7,0.00,942.5,0.5,0
2026-07-04T20:00,30.5,49,18.7,0.00,942.4,0.2,0
2026-07-04T21:00,30.1,51,18.9,0.00,942.5,0.3,0
2026-07-04T22:00,29.6,54,19.3,0.00,942.7,0.8,0
2026-07-04T23:00,28.8,57,19.3,0.00,942.8,3.2,0
2026-07-05T00:00,29.5,56,19.7,0.00,942.9,2.6,0
2026-07-05T01:00,29.9,56,20.3,0.00,943.3,1.8,0
2026-07-05T02:00,32.1,49,20.0,0.00,944.0,1.2,0
2026-07-05T03:00,34.0,43,19.6,0.00,944.7,1.8,0
2026-07-05T04:00,35.7,38,19.0,0.00,945.0,4.9,0
2026-07-05T05:00,36.9,33,18.2,0.00,944.9,7.9,1
2026-07-05T06:00,37.0,33,17.9,0.00,945.6,9.0,3
2026-07-05T07:00,37.5,32,17.8,0.00,945.1,8.4,5
2026-07-05T08:00,38.1,31,17.8,0.00,944.4,6.0,2
2026-07-05T09:00,38.6,30,17.8,0.00,943.7,4.9,2
2026-07-05T10:00,38.9,29,17.8,0.00,943.0,7.0,2
2026-07-05T11:00,38.9,29,17.5,0.00,942.5,8.4,9
2026-07-05T12:00,39.4,28,17.6,0.00,941.8,5.9,25
2026-07-05T13:00,38.5,30,17.7,0.00,941.4,5.5,17
2026-07-05T14:00,36.3,41,21.1,0.00,941.0,1.9,5
2026-07-05T15:00,34.4,47,21.5,0.00,941.1,0.4,2
2026-07-05T16:00,33.2,46,20.1,0.00,941.8,1.6,1
2026-07-05T17:00,32.5,47,19.8,0.00,942.5,1.1,0
2026-07-05T18:00,32.9,55,22.6,0.00,942.7,0.9,0
2026-07-05T19:00,32.2,50,20.4,0.00,942.4,1.7,0
2026-07-05T20:00,31.8,51,20.5,0.00,942.3,1.4,0
2026-07-05T21:00,31.8,51,20.5,0.00,942.2,0.8,0
2026-07-05T22:00,31.4,53,20.7,0.00,942.3,0.5,0
2026-07-05T23:00,30.8,54,20.4,0.00,942.4,0.4,0
2026-07-06T00:00,30.1,54,19.9,0.00,942.2,1.8,0
2026-07-06T01:00,30.5,56,20.8,0.00,943.0,2.1,0
2026-07-06T02:00,32.5,48,20.2,0.00,944.2,2.9,0
2026-07-06T03:00,34.1,44,20.0,0.00,944.9,3.6,0
2026-07-06T04:00,35.2,42,20.5,0.00,945.1,6.0,0
2026-07-06T05:00,36.4,40,20.7,0.00,944.9,7.0,5
2026-07-06T06:00,37.2,34,18.9,0.00,945.4,9.7,17
2026-07-06T07:00,37.5,34,19.1,0.70,944.8,10.0,13
2026-07-06T08:00,37.6,34,19.1,0.40,944.2,7.7,19
2026-07-06T09:00,38.1,33,19.2,0.00,943.4,4.1,20
2026-07-06T10:00,38.7,32,18.9,0.00,942.8,6.2,10
2026-07-06T11:00,38.9,31,18.5,0.00,942.5,8.4,47
2026-07-06T12:00,36.7,37,19.8,0.00,942.3,6.3,20
2026-07-06T13:00,36.3,38,19.7,0.00,942.3,6.1,4
2026-07-06T14:00,34.8,43,20.5,0.00,941.9,6.4,14
2026-07-06T15:00,33.0,47,20.3,0.00,942.3,5.8,3
2026-07-06T16:00,32.2,52,21.2,0.00,943.1,2.2,4
2026-07-06T17:00,31.8,53,21.1,0.00,943.7,0.4,1
2026-07-06T18:00,29.3,54,19.1,0.00,944.8,4.7,1
2026-07-06T19:00,28.4,61,20.2,0.00,944.5,2.8,0
2026-07-06T20:00,27.9,67,21.2,0.00,944.5,1.8,0
2026-07-06T21:00,27.4,71,21.7,0.00,944.3,2.4,0
2026-07-06T22:00,27.0,73,21.7,0.00,944.3,2.8,0
2026-07-06T23:00,26.7,75,22.0,0.00,944.5,2.7,8
2026-07-07T00:00,27.3,73,22.0,0.00,944.6,2.5,2
2026-07-07T01:00,26.6,77,22.2,0.20,945.4,1.3,92
2026-07-07T02:00,23.7,88,21.6,1.00,946.0,18.5,84
2026-07-07T03:00,24.4,87,22.1,1.00,946.0,7.0,7
2026-07-07T04:00,28.5,68,22.1,0.50,946.1,4.4,1
2026-07-07T05:00,31.9,53,21.1,0.00,945.8,6.9,2
2026-07-07T06:00,32.9,46,19.8,0.00,945.8,2.9,0
2026-07-07T07:00,34.5,41,19.2,0.00,945.3,4.2,16
2026-07-07T08:00,35.3,37,18.4,0.00,944.1,5.2,9
2026-07-07T09:00,35.9,34,17.6,0.00,943.3,6.1,19
2026-07-07T10:00,36.0,33,17.4,0.00,942.5,5.5,7
2026-07-07T11:00,36.4,33,17.7,0.00,942.2,5.9,38
2026-07-07T12:00,36.5,32,17.1,0.00,941.5,7.1,15
2026-07-07T13:00,35.8,33,16.9,0.00,941.0,5.4,20
2026-07-07T14:00,33.8,39,18.0,0.00,940.7,3.9,54
2026-07-07T15:00,32.4,41,17.4,0.00,941.0,5.0,70
2026-07-07T16:00,32.1,42,17.6,0.00,942.1,2.4,52
2026-07-07T17:00,32.1,42,17.6,0.00,942.7,0.2,40
2026-07-07T18:00,31.2,48,19.0,0.00,942.2,4.8,0
2026-07-07T19:00,30.5,53,19.7,0.00,941.8,3.8,5
2026-07-07T20:00,30.5,54,20.1,0.00,942.0,1.2,0
2026-07-07T21:00,30.0,56,20.2,0.00,942.1,0.4,14
2026-07-07T22:00,29.3,55,19.5,0.00,942.0,3.4,8
2026-07-07T23:00,28.7,56,19.1,0.00,942.4,3.6,0
2026-07-08T00:00,27.1,60,18.8,0.00,942.9,25.5,95
2026-07-08T01:00,24.7,77,20.3,0.30,942.1,12.5,24
2026-07-08T02:00,28.1,66,21.1,0.10,942.8,8.5,5
2026-07-08T03:00,32.5,48,20.1,0.00,943.8,3.1,6
2026-07-08T04:00,34.4,39,18.4,0.00,944.1,4.8,21
2026-07-08T05:00,35.4,36,17.9,0.00,944.1,6.5,6
2026-07-08T06:00,36.2,30,15.7,0.00,943.8,6.4,66
2026-07-08T07:00,34.3,38,18.0,0.20,944.5,13.9,80
2026-07-08T08:00,35.1,34,17.0,0.30,943.6,4.4,27
2026-07-08T09:00,37.4,28,15.6,0.00,942.5,5.0,2
2026-07-08T10:00,37.7,26,14.8,0.00,942.2,8.5,13
2026-07-08T11:00,37.6,25,14.0,0.00,941.8,7.7,22
2026-07-08T12:00,37.7,26,15.0,0.00,940.9,13.8,12
2026-07-08T13:00,35.9,32,16.5,0.00,941.1,18.3,32
2026-07-08T14:00,33.9,38,17.4,0.00,941.4,11.3,25
2026-07-08T15:00,32.0,44,18.4,0.00,942.0,4.0,99
2026-07-08T16:00,31.5,48,19.0,0.00,942.8,2.6,52
2026-07-08T17:00,31.2,49,19.1,0.00,943.5,0.6,11
2026-07-08T18:00,28.2,62,20.4,0.00,944.0,11.5,88
2026-07-08T19:00,27.6,67,20.9,0.10,944.1,12.4,38
2026-07-08T20:00,27.3,65,20.1,0.00,943.9,9.0,18
2026-07-08T21:00,26.9,66,20.0,0.00,944.1,2.4,27
2026-07-08T22:00,27.2,65,19.9,0.00,944.0,3.7,15
2026-07-08T23:00,26.6,68,20.1,0.00,944.0,1.5,6
2026-07-09T00:00,27.2,68,20.8,0.00,943.6,2.2,2
2026-07-09T01:00,27.3,67,20.7,0.00,944.1,2.6,0
2026-07-09T02:00,28.6,60,20.2,0.00,944.5,1.0,0
2026-07-09T03:00,30.0,55,20.1,0.00,944.8,0.5,0
2026-07-09T04:00,31.5,51,20.0,0.00,944.8,1.5,0
2026-07-09T05:00,33.1,46,20.0,0.00,944.5,2.0,0
2026-07-09T06:00,33.6,41,18.5,0.00,945.0,4.1,0
2026-07-09T07:00,35.0,37,18.3,0.00,944.7,6.7,0
2026-07-09T08:00,35.6,36,18.2,0.00,944.2,9.1,2
2026-07-09T09:00,36.1,33,17.4,0.00,943.6,7.0,11
2026-07-09T10:00,36.5,30,16.4,0.00,943.3,4.3,10
2026-07-09T11:00,36.8,28,15.5,0.00,942.6,3.5,7
2026-07-09T12:00,36.8,30,16.3,0.00,942.4,3.8,9
2026-07-09T13:00,36.2,32,17.1,0.00,942.3,6.5,4
2026-07-09T14:00,34.5,40,19.1,0.00,942.3,8.3,0
2026-07-09T15:00,32.9,47,20.2,0.00,942.9,7.2,0
2026-07-09T16:00,32.0,53,21.3,0.00,943.6,1.5,0
2026-07-09T17:00,31.5,54,21.2,0.00,944.3,0.4,0
2026-07-09T18:00,31.5,56,21.6,0.00,943.9,0.6,0
2026-07-09T19:00,31.0,56,21.2,0.00,944.0,0.7,0
2026-07-09T20:00,30.8,55,20.6,0.00,943.7,1.8,0
2026-07-09T21:00,30.9,53,20.2,0.00,943.5,1.5,0
2026-07-09T22:00,30.6,55,20.5,0.00,943.5,1.0,1
2026-07-09T23:00,30.0,57,20.5,0.00,943.8,2.3,4
2026-07-10T00:00,29.3,60,20.8,0.00,943.4,3.0,0
2026-07-10T01:00,29.7,60,21.0,0.00,944.3,5.4,3
2026-07-10T02:00,30.5,57,21.1,0.00,944.8,5.1,0
2026-07-10T03:00,31.8,54,21.4,0.00,945.2,2.5,0
2026-07-10T04:00,33.7,48,21.1,0.00,945.0,1.9,0
2026-07-10T05:00,35.2,43,20.7,0.00,944.8,4.2,6
2026-07-10T06:00,35.9,41,20.8,0.00,944.6,5.6,22
2026-07-10T07:00,36.9,38,20.4,0.00,944.2,6.9,17
2026-07-10T08:00,37.7,36,20.0,0.00,943.3,9.4,9
2026-07-10T09:00,38.2,33,19.1,0.00,942.6,10.5,6
2026-07-10T10:00,38.5,31,18.2,0.00,942.2,9.4,11
2026-07-10T11:00,38.9,28,17.3,0.00,941.5,14.3,7
2026-07-10T12:00,39.1,28,17.2,0.00,940.8,11.4,6
2026-07-10T13:00,37.6,35,19.7,0.00,940.8,16.7,5
2026-07-10T14:00,35.4,42,20.7,0.00,941.2,14.8,1
2026-07-10T15:00,33.8,45,20.4,0.00,941.7,10.3,1
2026-07-10T16:00,32.7,51,21.3,0.00,942.3,4.0,0
2026-07-10T17:00,32.6,53,21.7,0.00,943.0,1.1,0
2026-07-10T18:00,32.8,55,22.5,0.00,942.3,0.5,5
2026-07-10T19:00,31.5,58,22.3,0.00,941.9,2.5,10
2026-07-10T20:00,31.0,60,22.2,0.00,941.8,4.9,8
2026-07-10T21:00,30.9,59,21.8,0.00,941.6,13.3,4
2026-07-10T22:00,30.1,63,22.2,0.00,941.3,7.6,3
2026-07-10T23:00,26.0,79,22.1,0.40,942.1,22.8,100
2026-07-11T00:00,26.2,86,23.6,1.00,941.5,6.5,30
2026-07-11T01:00,26.1,82,22.7,0.10,942.6,11.5,60
2026-07-11T02:00,26.8,80,23.1,0.30,942.7,0.5,9
2026-07-11T03:00,29.2,67,22.4,0.00,943.0,4.0,2
2026-07-11T04:00,30.6,61,22.2,0.00,943.5,10.2,9
2026-07-11T05:00,32.5,55,22.2,0.00,943.4,8.7,51
2026-07-11T06:00,32.7,53,21.8,0.00,943.7,10.4,66
2026-07-11T07:00,33.4,52,22.1,0.00,943.3,12.7,37
2026-07-11T08:00,34.1,49,21.8,0.00,942.7,10.1,21
2026-07-11T09:00,34.8,45,21.2,0.00,941.7,8.3,14
2026-07-11T10:00,35.4,43,21.0,0.00,941.4,5.3,20
2026-07-11T11:00,35.5,42,20.6,0.00,941.0,8.6,31
2026-07-11T12:00,34.5,45,20.7,0.00,940.9,6.2,31
2026-07-11T13:00,33.7,46,20.7,0.00,940.8,8.1,38
2026-07-11T14:00,32.8,57,23.1,0.00,941.3,1.9,22
2026-07-11T15:00,31.7,57,22.0,0.00,941.7,1.4,11
2026-07-11T16:00,31.0,58,21.9,0.00,942.3,3.2,4
2026-07-11T17:00,30.7,59,21.7,0.00,942.8,13.4,20
2026-07-11T18:00,29.9,65,22.5,0.00,942.5,9.3,26
2026-07-11T19:00,28.4,77,24.0,0.10,941.9,4.7,55
2026-07-11T20:00,26.4,76,21.8,0.00,941.9,21.0,54
2026-07-11T21:00,25.2,75,20.6,0.00,942.0,5.8,79
2026-07-11T22:00,24.4,79,20.5,0.00,941.3,7.5,97
2026-07-11T23:00,24.5,78,20.4,0.00,941.2,5.8,85
2026-07-12T00:00,24.8,79,21.0,0.00,941.0,2.9,76
2026-07-12T01:00,24.7,80,21.1,0.00,941.3,3.8,97
2026-07-12T02:00,25.0,78,21.0,0.00,941.3,1.5,92
2026-07-12T03:00,26.3,73,21.1,0.00,941.6,4.7,88
2026-07-12T04:00,27.6,70,21.7,0.00,942.0,4.9,58
2026-07-12T05:00,29.7,62,21.6,0.00,942.3,4.0,25
2026-07-12T06:00,29.1,62,21.0,0.00,942.6,10.0,23
2026-07-12T07:00,30.4,58,21.2,0.00,942.9,10.3,29
2026-07-12T08:00,31.9,53,21.0,0.00,942.7,7.0,21
2026-07-12T09:00,32.5,49,20.5,0.10,942.6,4.5,19
2026-07-12T10:00,32.8,47,19.9,0.00,942.5,4.5,49
2026-07-12T11:00,33.2,46,20.1,0.10,942.3,4.7,18
2026-07-12T12:00,31.8,47,19.1,0.20,942.4,7.8,24
2026-07-12T13:00,31.2,50,19.4,0.00,942.6,5.6,14
2026-07-12T14:00,30.2,57,20.7,0.00,942.6,1.9,16
2026-07-12T15:00,29.0,62,21.0,0.00,942.8,1.3,55
2026-07-12T16:00,28.5,64,20.9,0.00,943.5,2.0,46
2026-07-12T17:00,27.7,67,21.1,0.00,943.9,3.1,0
2026-07-12T18:00,28.3,67,21.6,0.00,943.9,2.9,6
2026-07-12T19:00,27.2,72,21.6,0.00,943.8,3.1,8
2026-07-12T20:00,26.7,73,21.4,0.00,943.5,4.2,12
2026-07-12T21:00,26.4,73,21.1,0.00,943.3,5.0,18
2026-07-12T22:00,26.4,73,21.1,0.00,943.0,5.1,25
2026-07-12T23:00,26.0,75,21.3,0.00,942.7,4.3,0
2026-07-13T00:00,25.8,78,21.6,0.00,942.7,2.8,0
2026-07-13T01:00,26.4,75,21.7,0.00,942.8,3.8,0
2026-07-13T02:00,28.4,64,20.9,0.00,943.2,3.7,0
2026-07-13T03:00,30.3,56,20.5,0.00,943.7,2.0,0
2026-07-13T04:00,32.0,50,20.1,0.00,943.9,0.9,16
2026-07-13T05:00,33.5,44,19.5,0.00,943.9,0.6,21
2026-07-13T06:00,33.9,42,19.1,0.00,944.0,1.3,30
2026-07-13T07:00,35.0,39,18.9,0.00,943.8,4.9,45
2026-07-13T08:00,35.6,37,18.8,0.00,943.3,6.3,20
2026-07-13T09:00,36.5,34,18.2,0.00,943.2,7.7,9
2026-07-13T10:00,34.4,37,17.8,0.50,942.6,16.4,64
2026-07-13T11:00,33.0,43,18.8,0.30,943.4,13.6,41
2026-07-13T12:00,35.6,28,14.4,0.00,942.3,10.8,39
2026-07-13T13:00,34.7,32,15.8,0.00,942.8,4.6,2
2026-07-13T14:00,32.9,40,17.4,0.00,943.1,6.6,7
2026-07-13T15:00,31.0,48,18.8,0.00,943.3,3.8,1
2026-07-13T16:00,30.3,49,18.5,0.00,943.8,4.3,18
2026-07-13T17:00,29.5,52,18.7,0.00,943.9,2.3,11
2026-07-13T18:00,29.9,53,19.2,0.00,944.1,0.3,2
2026-07-13T19:00,28.9,54,18.7,0.00,943.8,3.1,28
2026-07-13T20:00,28.6,55,18.6,0.00,943.6,2.4,95
2026-07-13T21:00,28.5,58,19.3,0.00,943.6,1.7,23
2026-07-13T22:00,26.3,65,19.2,0.10,943.8,11.5,55
2026-07-13T23:00,24.7,72,19.3,0.00,943.4,11.3,3
2026-07-14T00:00,27.3,58,18.4,0.00,943.5,2.9,0
2026-07-14T01:00,27.5,59,18.9,0.00,943.8,4.6,0
2026-07-14T02:00,29.5,54,19.1,0.00,945.1,7.6,2
2026-07-14T03:00,31.1,50,19.4,0.00,945.4,2.0,0
2026-07-14T04:00,32.5,46,19.4,0.00,945.9,3.8,0
2026-07-14T05:00,33.7,43,19.3,0.00,946.0,4.8,5
2026-07-14T06:00,33.7,44,19.9,0.00,946.5,6.7,48
2026-07-14T07:00,34.5,41,19.3,0.00,946.0,8.2,37
2026-07-14T08:00,35.3,39,19.1,0.00,945.6,6.7,21
2026-07-14T09:00,35.3,38,18.7,0.00,945.1,5.5,14
2026-07-14T10:00,35.5,36,18.3,0.00,944.6,5.1,17
2026-07-14T11:00,35.8,34,17.3,0.00,944.3,5.9,19
2026-07-14T12:00,35.3,32,15.9,0.00,944.2,7.0,16
2026-07-14T13:00,34.7,33,15.9,0.00,944.0,6.9,4
2026-07-14T14:00,32.7,40,17.2,0.00,944.1,5.2,1
2026-07-14T15:00,31.4,42,16.9,0.00,944.6,6.4,1
2026-07-14T16:00,30.6,46,17.5,0.00,945.3,4.7,0
2026-07-14T17:00,30.3,50,18.7,0.00,945.8,0.2,2
2026-07-14T18:00,30.3,54,20.0,0.00,945.5,2.0,0
2026-07-14T19:00,30.0,59,21.0,0.00,945.3,0.8,1
2026-07-14T20:00,29.6,57,20.3,0.00,945.6,0.5,2
2026-07-14T21:00,29.2,58,20.1,0.00,945.4,0.4,7
2026-07-14T22:00,28.6,61,20.2,0.00,945.0,2.2,6
2026-07-14T23:00,27.8,64,20.3,0.00,945.1,3.5,4
2026-07-15T00:00,27.4,67,20.6,0.00,945.4,3.0,0
2026-07-15T01:00,27.4,67,20.8,0.00,945.8,4.8,2
2026-07-15T02:00,29.5,59,20.6,0.00,946.7,3.6,6
2026-07-15T03:00,31.2,53,20.6,0.00,947.3,2.7,2
2026-07-15T04:00,31.7,52,20.8,0.00,947.4,8.3,3
2026-07-15T05:00,27.4,75,22.6,1.10,948.3,4.2,88
2026-07-15T06:00,32.4,49,20.3,0.20,948.0,1.5,17
2026-07-15T07:00,34.4,42,19.6,0.00,947.7,6.2,6
2026-07-15T08:00,35.1,40,19.3,0.00,947.1,6.3,9
2026-07-15T09:00,35.6,37,18.7,0.00,946.7,5.4,11
2026-07-15T10:00,36.3,35,18.2,0.00,946.3,6.4,5
2026-07-15T11:00,36.4,35,18.3,0.00,946.0,9.1,6
2026-07-15T12:00,36.4,36,18.8,0.00,945.6,12.7,7
2026-07-15T13:00,33.3,50,21.4,0.70,945.7,12.0,10
2026-07-15T14:00,32.7,49,20.7,0.00,945.9,5.8,37
2026-07-15T15:00,31.4,52,20.5,0.00,946.3,4.7,9
2026-07-15T16:00,31.5,52,20.4,0.00,947.0,1.4,10
2026-07-15T17:00,31.1,53,20.4,0.00,947.5,1.3,6
2026-07-15T18:00,30.6,57,21.1,0.00,947.3,2.5,0
2026-07-15T19:00,30.0,59,21.1,0.00,947.4,1.3,0
2026-07-15T20:00,29.3,62,21.3,0.00,947.4,1.0,0
2026-07-15T21:00,29.0,63,21.3,0.00,947.3,0.6,0
2026-07-15T22:00,28.7,64,21.2,0.00,947.2,0.4,2
2026-07-15T23:00,28.2,66,21.2,0.00,947.1,0.9,2
2026-07-16T00:00,28.1,67,21.4,0.00,947.4,1.4,0
2026-07-16T01:00,28.1,67,21.4,0.00,947.7,2.9,2
2026-07-16T02:00,30.0,60,21.3,0.00,948.3,3.7,4
2026-07-16T03:00,31.7,54,21.2,0.00,948.6,0.9,2
2026-07-16T04:00,33.2,49,21.1,0.00,948.4,1.3,2
2026-07-16T05:00,34.5,45,20.8,0.00,948.3,4.5,5
2026-07-16T06:00,35.2,40,19.6,0.00,948.8,8.2,3
2026-07-16T07:00,35.8,38,19.3,0.00,948.4,9.0,4
2026-07-16T08:00,36.4,37,19.2,0.00,947.7,5.7,3
2026-07-16T09:00,37.2,35,19.2,0.00,947.0,2.8,4
2026-07-16T10:00,37.9,34,19.5,0.00,946.2,4.2,9
2026-07-16T11:00,37.7,35,19.6,0.00,945.7,6.4,12
2026-07-16T12:00,37.7,35,19.5,0.00,945.4,6.3,14
2026-07-16T13:00,36.6,37,19.8,0.00,945.3,7.2,6
2026-07-16T14:00,34.8,45,21.2,0.00,945.1,4.5,5
2026-07-16T15:00,33.0,50,21.2,0.00,944.9,4.5,1
2026-07-16T16:00,31.9,53,21.0,0.00,945.3,4.0,0
2026-07-16T17:00,31.5,54,21.0,0.00,945.6,0.6,0
2026-07-16T18:00,31.8,56,22.0,0.00,945.2,0.4,0
2026-07-16T19:00,31.0,56,21.2,0.00,945.0,1.3,0
2026-07-16T20:00,30.5,58,21.3,0.00,944.7,3.2,0
2026-07-16T21:00,30.2,59,21.3,0.00,944.4,4.1,0
2026-07-16T22:00,29.9,61,21.6,0.00,944.3,2.8,0
2026-07-16T23:00,29.8,64,22.2,0.00,944.4,0.8,0
2026-07-17T00:00,29.7,58,20.6,0.00,944.7,0.8,0
2026-07-17T01:00,29.8,61,21.5,0.00,945.3,0.7,0
2026-07-17T02:00,31.3,52,20.4,0.00,946.1,1.6,0
2026-07-17T03:00,32.9,49,20.6,0.00,946.7,2.1,0
2026-07-17T04:00,34.3,45,20.6,0.00,947.0,4.2,0
2026-07-17T05:00,35.7,40,20.1,0.00,947.1,5.8,0
2026-07-17T06:00,36.2,38,19.6,0.00,947.5,8.0,1
2026-07-17T07:00,37.0,36,19.6,0.00,947.2,7.0,2
2026-07-17T08:00,37.5,35,19.5,0.00,946.5,4.4,2
2026-07-17T09:00,38.1,35,19.9,0.00,945.7,3.6,3
2026-07-17T10:00,38.3,35,20.2,0.00,945.1,6.7,7
2026-07-17T11:00,38.0,36,20.2,0.00,944.5,6.9,9
2026-07-17T12:00,37.4,40,21.5,0.00,944.0,10.1,16
2026-07-17T13:00,36.5,42,21.5,0.00,944.0,5.0,22
2026-07-17T14:00,35.2,51,23.4,0.00,943.7,3.1,16
2026-07-17T15:00,33.8,50,21.9,0.00,943.9,5.4,6
2026-07-17T16:00,32.8,52,21.7,0.00,944.7,4.0,4
2026-07-17T17:00,32.7,53,21.8,0.00,945.1,0.6,5
2026-07-17T18:00,32.6,54,22.2,0.00,944.5,1.5,7
2026-07-17T19:00,31.9,56,22.2,0.00,944.6,1.2,2
2026-07-17T20:00,31.6,61,23.3,0.00,944.6,0.6,1
2026-07-17T21:00,30.8,59,21.9,0.00,944.5,0.5,4
2026-07-17T22:00,30.4,61,22.0,0.00,944.3,0.8,6
2026-07-17T23:00,30.1,62,22.0,0.00,944.4,0.9,4
2026-07-18T00:00,30.4,62,22.3,0.00,944.4,1.7,2
2026-07-18T01:00,30.5,65,23.2,0.00,944.9,1.8,2
2026-07-18T02:00,32.1,56,22.3,0.00,945.3,1.8,0
2026-07-18T03:00,33.6,52,22.4,0.00,945.6,1.3,1
2026-07-18T04:00,34.8,48,22.3,0.00,945.8,5.6,0
2026-07-18T05:00,36.1,43,21.6,0.00,945.7,7.2,10
2026-07-18T06:00,36.8,39,20.6,0.00,945.7,9.4,3
2026-07-18T07:00,37.4,38,20.5,0.00,945.3,10.6,15
2026-07-18T08:00,37.7,37,20.7,0.00,944.8,7.6,16
2026-07-18T09:00,38.1,38,21.4,0.00,944.1,6.3,20
2026-07-18T10:00,38.8,38,22.1,0.00,943.5,7.6,17
2026-07-18T11:00,38.8,38,21.9,0.00,943.0,9.6,23
2026-07-18T12:00,38.5,37,21.1,0.00,942.6,12.3,15
2026-07-18T13:00,37.4,38,20.9,0.00,942.9,13.5,16
2026-07-18T14:00,35.6,43,21.0,0.00,942.9,12.1,9
2026-07-18T15:00,34.0,47,21.0,0.00,943.7,7.0,6
2026-07-18T16:00,33.3,52,22.2,0.00,944.3,2.4,4
2026-07-18T17:00,33.4,53,22.6,0.00,945.1,0.6,4
2026-07-18T18:00,33.1,55,22.9,0.00,944.4,4.5,12
2026-07-18T19:00,32.3,59,23.3,0.00,944.3,1.8,14
2026-07-18T20:00,31.9,60,23.2,0.00,944.3,0.6,5
2026-07-18T21:00,31.5,62,23.2,0.00,944.1,1.5,12
2026-07-18T22:00,31.2,63,23.4,0.00,944.3,1.7,26
2026-07-18T23:00,30.6,65,23.3,0.00,944.3,3.5,10
2026-07-19T00:00,30.1,71,24.3,0.00,944.2,2.4,73
2026-07-19T01:00,29.8,77,25.3,0.20,944.3,1.8,26
2026-07-19T02:00,31.3,73,25.8,0.00,945.2,4.8,42
2026-07-19T03:00,32.5,63,24.6,0.00,946.0,9.4,38
2026-07-19T04:00,33.5,59,24.4,0.00,946.2,8.2,60
2026-07-19T05:00,34.2,58,24.7,0.10,946.4,7.5,64
2026-07-19T06:00,34.6,55,24.3,0.20,946.8,10.7,51
2026-07-19T07:00,34.1,58,24.5,0.40,946.5,7.9,45
2026-07-19T08:00,35.7,52,24.2,0.20,946.0,7.2,41
2026-07-19T09:00,36.9,46,23.2,0.10,945.4,10.2,40
2026-07-19T10:00,36.9,45,22.9,0.00,944.7,8.9,53
2026-07-19T11:00,36.8,46,23.1,0.00,944.2,8.8,34
2026-07-19T12:00,37.2,40,21.2,0.60,943.8,10.2,69
2026-07-19T13:00,36.7,41,21.5,0.00,943.7,7.1,53
2026-07-19T14:00,35.3,47,22.4,0.00,943.7,5.2,41
2026-07-19T15:00,33.7,53,23.0,0.00,944.3,4.1,53
2026-07-19T16:00,33.6,54,23.0,0.00,945.1,9.9,47
2026-07-19T17:00,32.2,59,23.1,0.00,945.7,14.1,62
2026-07-19T18:00,32.5,63,24.5,0.00,944.7,9.5,16
2026-07-19T19:00,31.8,62,23.8,0.00,944.2,5.6,26
2026-07-19T20:00,31.6,61,23.1,0.00,944.6,9.5,72
2026-07-19T21:00,26.3,88,24.2,3.20,945.5,8.3,100
2026-07-19T22:00,26.7,90,24.8,1.20,945.0,5.5,75
2026-07-19T23:00,26.7,92,25.3,0.40,945.4,3.4,88
2026-07-20T00:00,28.1,91,26.4,0.00,943.9,5.8,70
2026-07-20T01:00,28.3,88,26.1,0.10,944.3,8.7,75
2026-07-20T02:00,28.8,88,26.6,0.60,944.9,5.7,66
2026-07-20T03:00,28.1,84,25.1,0.70,945.8,4.2,79
2026-07-20T04:00,29.7,76,25.1,0.20,946.1,3.0,60
2026-07-20T05:00,31.6,67,24.6,0.20,945.9,3.4,66
2026-07-20T06:00,34.3,51,22.8,0.10,946.2,8.7,66
2026-07-20T07:00,34.4,51,22.9,0.10,945.7,7.4,74
2026-07-20T08:00,34.4,52,23.0,0.30,945.6,8.6,80
2026-07-20T09:00,34.5,54,23.7,0.40,944.8,3.8,84
2026-07-20T10:00,31.4,68,24.7,2.00,945.0,10.9,84
2026-07-20T11:00,32.0,65,24.6,0.60,944.8,9.0,78
2026-07-20T12:00,34.5,48,21.9,0.30,944.1,10.7,68
2026-07-20T13:00,34.6,48,22.1,0.00,944.3,7.1,60
2026-07-20T14:00,33.5,52,22.3,0.00,944.6,12.0,55
2026-07-20T15:00,31.7,61,23.2,0.00,945.2,11.8,34
2026-07-20T16:00,28.5,80,24.8,1.50,946.2,5.9,98
2026-07-20T17:00,27.4,90,25.7,1.00,946.3,5.2,90
2026-07-20T18:00,27.2,88,25.1,4.00,946.2,7.0,83
2026-07-20T19:00,27.5,90,25.7,0.40,946.0,4.3,62
2026-07-20T20:00,27.2,89,25.3,0.10,945.6,4.1,50
2026-07-20T21:00,25.8,90,23.9,0.60,945.9,13.2,100
2026-07-20T22:00,25.3,93,24.2,0.80,944.8,3.2,59
2026-07-20T23:00,25.1,95,24.3,0.10,945.0,2.3,85
2026-07-21T00:00,25.9,95,24.9,0.10,945.3,4.2,81
2026-07-21T01:00,25.7,92,24.2,0.50,945.8,4.6,85
2026-07-21T02:00,25.7,89,23.8,2.80,946.7,5.3,100
2026-07-21T03:00,24.9,97,24.3,1.00,946.6,4.4,100
2026-07-21T04:00,26.5,88,24.3,0.40,946.3,4.5,100
2026-07-21T05:00,28.1,82,24.7,0.40,946.8,10.2,81
2026-07-21T06:00,27.2,83,24.2,0.40,947.0,3.7,79
2026-07-21T07:00,27.5,84,24.5,1.10,947.1,9.5,100
2026-07-21T08:00,26.8,85,24.1,4.20,947.2,10.4,100
2026-07-21T09:00,27.1,84,24.2,1.00,946.5,16.1,50
2026-07-21T10:00,27.7,78,23.6,0.50,946.7,14.0,100
2026-07-21T11:00,27.0,83,23.9,1.10,946.1,11.3,100
2026-07-21T12:00,27.9,73,22.6,1.50,946.5,11.7,100
2026-07-21T13:00,27.3,74,22.3,0.10,946.5,12.5,100
2026-07-21T14:00,26.7,77,22.3,0.00,947.4,13.0,99
2026-07-21T15:00,25.7,85,23.0,0.20,948.0,12.9,100
2026-07-21T16:00,25.2,91,23.6,0.40,948.4,9.9,98
2026-07-21T17:00,25.1,91,23.5,0.30,948.7,7.5,65
2026-07-21T18:00,25.2,91,23.7,0.20,948.2,4.0,36
2026-07-21T19:00,25.1,93,23.9,0.10,947.9,2.1,37
2026-07-21T20:00,24.8,94,23.7,0.00,947.5,3.1,91
2026-07-21T21:00,24.8,94,23.8,0.00,947.1,1.9,98
2026-07-21T22:00,24.8,91,23.3,0.20,947.2,2.9,100
2026-07-21T23:00,24.5,93,23.3,0.30,947.4,3.1,96
2026-07-22T00:00,24.5,93,23.3,0.20,946.7,2.3,100
2026-07-22T01:00,24.8,91,23.3,0.10,946.9,3.3,97
2026-07-22T02:00,25.1,88,22.9,0.00,947.3,2.9,100
2026-07-22T03:00,25.7,83,22.5,0.00,947.5,4.4,100
2026-07-22T04:00,26.4,78,22.2,0.00,947.7,4.8,95
2026-07-22T05:00,27.9,70,22.0,0.00,947.9,7.4,92
2026-07-22T06:00,27.6,67,20.8,0.00,948.3,8.1,100
2026-07-22T07:00,28.2,65,20.9,0.00,947.9,9.3,100
2026-07-22T08:00,29.8,59,20.9,0.00,946.9,7.2,100
2026-07-22T09:00,30.4,57,20.9,0.00,946.3,7.0,100
2026-07-22T10:00,30.5,57,21.0,0.00,946.1,11.0,100
2026-07-22T11:00,30.2,58,21.1,0.00,945.9,13.4,100
2026-07-22T12:00,30.1,59,21.3,0.00,946.1,10.3,51
2026-07-22T13:00,28.4,72,22.8,0.50,946.0,10.0,34
2026-07-22T14:00,27.8,74,22.8,0.00,946.5,3.0,38
2026-07-22T15:00,27.1,80,23.4,0.10,947.3,3.3,61
2026-07-22T16:00,26.3,83,23.2,0.10,948.1,7.2,54
2026-07-22T17:00,25.9,86,23.3,0.10,948.3,5.3,44
2026-07-22T18:00,25.6,87,23.2,0.10,947.5,5.9,19
2026-07-22T19:00,25.1,88,23.0,0.00,947.3,4.9,29
2026-07-22T20:00,24.8,90,23.1,0.00,946.9,4.1,20
2026-07-22T21:00,24.5,92,23.1,0.00,946.7,3.5,21
2026-07-22T22:00,24.5,92,23.1,0.00,946.6,2.7,56
2026-07-22T23:00,24.1,94,23.0,0.00,946.5,2.3,18
2026-07-23T00:00,24.3,91,22.6,0.00,946.6,2.2,21
2026-07-23T01:00,24.2,91,22.6,0.00,946.8,2.6,22
2026-07-23T02:00,24.9,86,22.4,0.00,946.6,4.2,2
2026-07-23T03:00,26.8,75,21.9,0.00,947.2,3.8,13
2026-07-23T04:00,28.7,65,21.3,0.00,947.2,4.8,17
2026-07-23T05:00,29.8,59,21.0,0.10,947.0,9.2,21
2026-07-23T06:00,26.2,77,21.9,0.30,948.0,11.4,54
2026-07-23T07:00,28.1,70,22.1,0.40,947.6,5.8,58
2026-07-23T08:00,29.5,65,22.2,0.50,947.0,3.2,54
2026-07-23T09:00,30.1,62,22.0,0.20,946.3,6.2,40
2026-07-23T10:00,30.4,60,21.9,0.20,946.1,5.0,24
2026-07-23T11:00,30.9,58,21.6,0.10,945.4,6.5,20
2026-07-23T12:00,31.3,56,21.4,0.10,945.1,11.1,16
2026-07-23T13:00,27.1,74,22.1,0.60,945.5,10.1,70
2026-07-23T14:00,26.9,78,22.7,0.10,945.6,3.4,26
2026-07-23T15:00,24.8,90,23.0,0.60,946.3,9.1,37
2026-07-23T16:00,24.2,93,22.9,1.40,947.1,9.0,70
2026-07-23T17:00,24.1,93,22.9,2.60,947.2,6.5,13
2026-07-23T18:00,24.7,93,23.5,1.10,946.7,6.2,84
2026-07-23T19:00,24.7,92,23.4,0.00,946.8,5.7,59
2026-07-23T20:00,24.6,92,23.3,0.70,946.5,3.8,53
2026-07-23T21:00,23.2,93,22.1,0.40,946.7,10.6,77
2026-07-23T22:00,22.6,91,21.1,7.80,947.0,10.2,91
2026-07-23T23:00,22.8,92,21.3,2.00,947.0,6.7,64
2026-07-24T00:00,23.1,91,21.6,1.10,946.5,5.7,43
2026-07-24T01:00,23.3,90,21.7,0.10,946.5,8.3,16
2026-07-24T02:00,25.0,82,21.7,0.00,947.5,7.4,20
2026-07-24T03:00,27.4,67,20.6,0.00,947.9,7.9,4
2026-07-24T04:00,29.4,58,20.1,0.00,948.1,9.4,5
2026-07-24T05:00,30.2,55,20.2,0.00,948.2,9.0,13
2026-07-24T06:00,30.1,55,20.1,0.00,948.5,8.1,8
2026-07-24T07:00,30.9,53,20.2,0.00,948.1,8.1,30
2026-07-24T08:00,31.7,52,20.6,0.00,947.6,5.8,9
2026-07-24T09:00,31.7,52,20.6,0.00,946.6,5.6,26
2026-07-24T10:00,31.7,52,20.8,0.10,945.7,4.7,15
2026-07-24T11:00,32.0,52,20.8,0.10,945.0,4.6,5
2026-07-24T12:00,31.9,51,20.5,0.00,944.6,5.1,32
2026-07-24T13:00,31.3,55,21.1,0.00,944.4,6.3,11
2026-07-24T14:00,29.7,63,21.8,0.00,944.7,3.5,4
2026-07-24T15:00,28.4,67,21.7,0.00,945.1,3.4,5
2026-07-24T16:00,27.6,71,22.0,0.00,946.1,3.3,9
2026-07-24T17:00,27.0,76,22.3,0.00,946.3,3.5,3
2026-07-24T18:00,27.2,75,22.3,0.00,945.9,3.4,2
2026-07-24T19:00,26.8,75,22.1,0.00,946.2,2.9,1
2026-07-24T20:00,26.6,75,21.9,0.00,946.1,2.5,1
2026-07-24T21:00,26.6,75,21.7,0.00,946.1,2.3,1
2026-07-24T22:00,26.7,74,21.6,0.00,946.0,2.3,1
2026-07-24T23:00,26.8,72,21.3,0.00,946.1,3.1,5
2026-07-25T00:00,26.4,72,20.9,0.40,946.4,3.2,5
2026-07-25T01:00,26.3,74,21.4,0.00,946.6,2.2,88
2026-07-25T02:00,27.9,67,21.2,0.00,947.3,0.5,81
2026-07-25T03:00,28.6,66,21.6,0.00,947.8,1.9,48
2026-07-25T04:00,30.3,60,21.6,0.00,948.3,1.5,82
2026-07-25T05:00,30.9,57,21.4,0.10,948.5,3.3,97
2026-07-25T06:00,31.2,56,21.5,0.10,948.1,11.9,73
2026-07-25T07:00,30.0,61,21.8,0.30,948.3,14.1,73
2026-07-25T08:00,28.7,70,22.8,1.30,948.7,8.0,43
2026-07-25T09:00,29.9,65,22.7,0.20,948.3,8.6,37
2026-07-25T10:00,30.8,60,22.1,0.10,947.8,8.4,43
2026-07-25T11:00,30.5,59,21.5,0.10,947.3,10.9,48
2026-07-25T12:00,28.8,70,22.8,0.10,947.3,11.2,55
2026-07-25T13:00,28.8,70,22.8,0.10,947.5,5.6,67
2026-07-25T14:00,28.2,75,23.4,0.10,947.7,1.8,36
2026-07-25T15:00,27.1,83,24.0,0.10,948.0,2.0,91
2026-07-25T16:00,27.0,86,24.4,0.00,948.8,1.6,95
2026-07-25T17:00,27.0,84,24.0,0.00,949.4,2.6,80
2026-07-25T18:00,26.8,84,24.0,0.00,948.9,2.7,37
2026-07-25T19:00,26.1,86,23.6,0.00,948.9,3.6,50
2026-07-25T20:00,25.7,87,23.4,0.00,948.7,2.3,51
2026-07-25T21:00,25.5,88,23.4,0.00,948.5,1.4,58
2026-07-25T22:00,25.5,87,23.2,0.00,948.8,0.5,65
2026-07-25T23:00,25.6,87,23.2,0.00,948.9,0.2,83
2026-07-26T00:00,25.5,84,22.6,0.00,948.4,6.6,19
2026-07-26T01:00,25.5,82,22.3,0.00,948.9,5.8,27
2026-07-26T02:00,26.6,76,22.0,0.00,949.1,4.2,23
2026-07-26T03:00,28.0,69,21.9,0.00,949.5,3.9,59
2026-07-26T04:00,29.1,66,22.0,0.00,949.9,5.9,52
2026-07-26T05:00,30.2,61,21.8,0.00,950.0,6.4,14
2026-07-26T06:00,31.1,56,21.4,0.00,950.2,8.8,27
2026-07-26T07:00,31.8,55,21.5,0.10,949.8,7.4,27
2026-07-26T08:00,31.8,57,22.2,0.60,949.3,6.7,51
2026-07-26T09:00,32.5,54,22.0,0.20,948.3,5.9,23
2026-07-26T10:00,31.3,60,22.7,0.20,947.6,10.0,57
2026-07-26T11:00,31.6,59,22.6,0.30,947.0,8.6,2
2026-07-26T12:00,31.8,54,21.5,0.00,946.7,7.0,5
2026-07-26T13:00,31.2,57,21.6,0.00,946.2,5.8,9
2026-07-26T14:00,29.7,66,22.7,0.00,945.9,2.9,12
2026-07-26T15:00,28.7,68,22.1,0.00,946.0,4.0,7
2026-07-26T16:00,27.9,72,22.4,0.00,946.1,4.7,9
2026-07-26T17:00,27.3,76,22.6,0.00,946.4,4.1,2
2026-07-26T18:00,27.5,75,22.6,0.00,945.5,2.8,0
2026-07-26T19:00,27.5,73,22.1,0.00,945.4,2.9,0
2026-07-26T20:00,27.6,72,22.0,0.00,945.2,2.4,1
2026-07-26T21:00,27.7,70,21.8,0.00,945.0,1.5,5
2026-07-26T22:00,27.5,70,21.6,0.00,944.9,1.1,16
2026-07-26T23:00,27.2,71,21.6,0.00,945.0,0.7,5
2026-07-27T00:00,26.4,76,21.8,0.00,944.6,2.2,0
2026-07-27T01:00,26.5,75,21.8,0.00,944.9,2.0,2
2026-07-27T02:00,28.4,66,21.5,0.00,945.5,1.1,11
2026-07-27T03:00,29.8,61,21.5,0.00,945.8,1.4,1
2026-07-27T04:00,31.0,58,21.8,0.00,945.4,2.7,2
2026-07-27T05:00,32.3,54,21.8,0.00,945.4,3.1,14
2026-07-27T06:00,33.4,50,21.6,0.00,945.3,4.4,43
2026-07-27T07:00,34.2,47,21.4,0.00,944.9,5.8,45
2026-07-27T08:00,34.7,46,21.5,0.00,944.2,6.5,35
2026-07-27T09:00,35.1,45,21.4,0.00,943.3,7.0,11
2026-07-27T10:00,35.2,44,21.2,0.00,942.6,6.3,9
2026-07-27T11:00,35.2,42,20.5,0.00,941.7,5.3,4
2026-07-27T12:00,34.9,39,18.8,0.00,941.5,4.5,6
2026-07-27T13:00,34.2,40,18.9,0.00,941.1,0.3,4
2026-07-27T14:00,32.6,53,21.7,0.00,940.9,0.9,2
2026-07-27T15:00,31.3,52,20.3,0.00,941.3,3.4,1
2026-07-27T16:00,30.6,58,21.5,0.00,942.1,1.1,0
2026-07-27T17:00,30.1,61,21.8,0.00,942.3,0.5,0
2026-07-27T18:00,30.0,63,22.1,0.00,941.9,1.9,0
2026-07-27T19:00,29.2,67,22.4,0.00,942.0,2.7,0
2026-07-27T20:00,29.0,66,22.0,0.00,942.0,4.0,0
2026-07-27T21:00,28.9,67,22.1,0.00,942.0,4.0,0
2026-07-27T22:00,28.9,68,22.3,0.00,942.2,2.5,2
2026-07-27T23:00,28.7,69,22.3,0.00,942.0,1.8,1
2026-07-28T00:00,28.5,70,22.4,0.00,941.4,3.2,0
2026-07-28T01:00,28.0,73,22.6,0.00,941.9,2.5,0
2026-07-28T02:00,29.9,69,23.6,0.00,942.7,2.9,0
2026-07-28T03:00,31.9,60,23.2,0.00,943.4,1.6,1
2026-07-28T04:00,33.2,56,23.1,0.00,943.5,1.7,13
2026-07-28T05:00,34.2,52,22.8,0.00,943.8,3.1,16
2026-07-28T06:00,35.0,47,22.1,0.00,943.8,7.0,22
2026-07-28T07:00,35.5,46,22.0,0.00,943.6,6.5,15
2026-07-28T08:00,35.8,43,21.2,0.00,943.2,6.5,4
2026-07-28T09:00,36.4,37,19.3,0.00,942.7,4.5,30
2026-07-28T10:00,36.6,34,18.2,0.00,942.1,1.7,7
2026-07-28T11:00,36.8,33,18.1,0.00,941.6,4.8,6
2026-07-28T12:00,36.8,32,17.3,0.00,940.7,5.2,15
2026-07-28T13:00,35.0,48,22.2,0.00,940.5,9.1,5
2026-07-28T14:00,33.4,52,22.2,0.00,940.9,9.7,0
2026-07-28T15:00,31.8,59,22.9,0.00,941.4,4.2,0
2026-07-28T16:00,31.8,60,23.0,0.00,942.3,1.0,2
2026-07-28T17:00,31.5,59,22.6,0.00,942.8,1.2,4
2026-07-28T18:00,32.2,60,23.3,0.00,942.4,2.5,39
2026-07-28T19:00,30.6,63,22.8,0.00,942.7,4.7,41
2026-07-28T20:00,30.1,67,23.3,0.00,942.5,1.6,30
2026-07-28T21:00,29.3,66,22.4,0.00,942.5,10.7,39
2026-07-28T22:00,24.8,88,22.7,2.70,944.0,9.7,95
2026-07-28T23:00,25.6,88,23.5,0.80,944.4,1.6,2
2026-07-29T00:00,26.2,87,23.9,0.20,943.6,4.7,13
2026-07-29T01:00,26.2,90,24.4,0.10,944.6,8.9,16
2026-07-29T02:00,26.7,85,24.0,0.00,945.0,4.4,13
2026-07-29T03:00,28.4,75,23.6,0.00,945.6,8.3,20
2026-07-29T04:00,29.5,70,23.4,0.00,946.1,10.2,24
2026-07-29T05:00,30.7,65,23.4,0.00,946.2,8.8,5
2026-07-29T06:00,31.8,57,22.4,0.00,946.6,7.5,16
2026-07-29T07:00,32.9,55,22.6,0.00,946.1,6.6,6
2026-07-29T08:00,34.0,51,22.5,0.00,945.4,6.6,13
2026-07-29T09:00,34.3,50,22.4,0.00,945.0,8.6,19
2026-07-29T10:00,34.1,51,22.4,0.00,944.5,8.5,38
2026-07-29T11:00,33.6,52,22.2,0.00,943.8,8.4,13
2026-07-29T12:00,33.9,49,21.7,0.00,943.9,6.8,27
2026-07-29T13:00,32.6,54,22.1,0.10,943.4,6.7,6
2026-07-29T14:00,31.7,63,23.8,0.00,943.3,0.5,2
2026-07-29T15:00,31.0,62,22.9,0.00,943.5,1.5,8
2026-07-29T16:00,30.8,61,22.5,0.00,944.4,8.3,13
2026-07-29T17:00,30.1,67,23.2,0.00,944.7,9.5,24
2026-07-29T18:00,29.6,73,24.1,0.00,944.2,5.8,52
2026-07-29T19:00,28.8,76,24.3,0.00,944.1,4.6,66
2026-07-29T20:00,28.4,79,24.4,0.00,943.9,4.8,63
2026-07-29T21:00,28.0,81,24.5,0.00,943.8,5.2,5
2026-07-29T22:00,27.7,83,24.6,0.00,943.4,3.4,3
2026-07-29T23:00,27.5,84,24.6,0.00,943.4,3.7,42
2026-07-30T00:00,27.7,84,24.8,0.00,943.4,3.1,39
2026-07-30T01:00,27.3,87,24.8,0.00,943.9,5.2,48
2026-07-30T02:00,25.8,93,24.6,0.60,944.7,8.7,100
2026-07-30T03:00,26.1,90,24.3,0.30,944.9,6.3,17
2026-07-30T04:00,28.9,74,23.9,0.00,945.2,2.9,16
2026-07-30T05:00,30.4,68,23.8,0.00,945.2,5.4,22
2026-07-30T06:00,31.9,62,23.7,0.00,945.0,6.4,27
2026-07-30T07:00,33.1,57,23.5,0.10,944.8,5.8,20
2026-07-30T08:00,34.1,54,23.4,0.00,944.4,5.5,13
2026-07-30T09:00,34.5,51,23.0,0.00,943.8,6.1,13
2026-07-30T10:00,34.9,49,22.6,0.00,943.2,7.9,16
2026-07-30T11:00,34.6,50,22.7,0.00,942.7,8.1,23
2026-07-30T12:00,34.7,47,21.8,0.00,942.0,3.8,23
2026-07-30T13:00,34.1,50,22.3,0.00,942.0,4.7,11
2026-07-30T14:00,32.6,57,22.9,0.00,942.2,6.9,4
2026-07-30T15:00,31.6,62,23.5,0.00,942.8,7.2,9
2026-07-30T16:00,30.8,67,23.8,0.00,943.6,6.6,29
2026-07-30T17:00,29.7,72,24.2,0.00,944.4,7.0,32
2026-07-30T18:00,27.6,93,26.5,0.90,944.1,5.4,37
2026-07-30T19:00,27.3,93,26.1,0.10,943.8,6.0,33
2026-07-30T20:00,25.4,94,24.4,1.60,944.7,8.4,87
2026-07-30T21:00,25.3,93,24.1,3.10,944.7,2.7,60
2026-07-30T22:00,24.7,95,23.9,1.10,945.5,6.5,84
2026-07-30T23:00,24.8,94,23.8,0.30,945.3,3.7,28
2026-07-31T00:00,25.0,95,24.1,0.10,945.2,11.7,100
2026-07-31T01:00,24.4,96,23.8,7.60,946.0,5.6,100
2026-07-31T02:00,25.3,92,23.9,1.60,946.1,3.7,38
2026-07-31T03:00,26.0,89,24.1,0.70,946.8,8.5,74
2026-07-31T04:00,25.2,90,23.5,8.00,947.3,11.8,96
2026-07-31T05:00,25.5,88,23.3,9.20,947.9,10.8,100
2026-07-31T06:00,29.3,66,22.4,11.80,948.1,11.6,100
2026-07-31T07:00,29.0,68,22.6,0.10,947.5,14.9,79
2026-07-31T08:00,29.9,66,22.9,0.30,947.4,11.4,100
2026-07-31T09:00,30.5,64,22.9,0.00,946.4,8.6,100
2026-07-31T10:00,30.6,63,22.8,0.00,945.8,10.5,23
2026-07-31T11:00,31.1,62,22.9,0.10,945.4,10.4,20
2026-07-31T12:00,30.3,63,22.6,0.30,945.5,11.7,45
2026-07-31T13:00,29.6,65,22.5,0.10,945.5,10.5,6
2026-07-31T14:00,28.7,69,22.6,0.00,945.8,7.5,5
2026-07-31T15:00,27.5,76,22.9,0.00,946.2,3.6,3
2026-07-31T16:00,26.9,81,23.3,0.00,946.9,2.8,5
2026-07-31T17:00,26.4,83,23.3,0.00,947.1,2.8,3
2026-07-31T18:00,26.7,83,23.5,0.00,946.8,3.3,7
2026-07-31T19:00,26.1,84,23.3,0.00,946.7,3.1,10
2026-07-31T20:00,25.7,87,23.4,0.00,947.0,2.7,24
2026-07-31T21:00,25.6,88,23.4,0.00,947.0,2.7,27
2026-07-31T22:00,25.4,89,23.4,0.00,946.9,2.8,9
2026-07-31T23:00,25.3,90,23.5,0.00,946.8,2.5,20
2026-08-01T00:00,25.8,90,24.1,0.00,946.8,2.5,30
2026-08-01T01:00,25.9,90,24.2,0.00,947.2,2.3,20
2026-08-01T02:00,27.0,82,23.6,0.00,947.7,4.1,12
2026-08-01T03:00,28.5,72,22.9,0.00,947.6,8.2,17
2026-08-01T04:00,29.9,63,22.2,0.00,948.0,9.4,67
2026-08-01T05:00,30.5,60,21.9,0.00,948.0,9.4,78
2026-08-01T06:00,31.0,57,21.5,0.00,948.4,10.5,33
2026-08-01T07:00,31.6,56,21.9,0.20,947.5,11.0,29
2026-08-01T08:00,31.7,58,22.5,0.90,946.9,10.5,17
2026-08-01T09:00,32.3,57,22.7,0.10,945.9,8.4,14
2026-08-01T10:00,32.7,57,22.9,0.10,945.2,7.8,26
2026-08-01T11:00,32.5,57,22.8,0.10,944.5,6.3,16
2026-08-01T12:00,32.9,52,21.7,0.00,944.1,9.5,4
2026-08-01T13:00,31.8,57,22.2,0.00,944.0,8.0,2
2026-08-01T14:00,30.5,67,23.6,0.00,943.9,1.5,1
2026-08-01T15:00,29.9,65,22.5,0.00,944.3,0.7,0
2026-08-01T16:00,29.4,66,22.3,0.00,945.1,1.8,0
2026-08-01T17:00,29.3,65,22.2,0.00,945.5,0.7,0
2026-08-01T18:00,29.6,65,22.5,0.00,945.3,2.4,1
2026-08-01T19:00,28.9,70,22.9,0.00,945.4,3.1,5
2026-08-01T20:00,28.6,72,23.0,0.00,945.4,1.3,4
2026-08-01T21:00,27.9,75,22.9,0.00,945.4,3.5,1
2026-08-01T22:00,27.7,76,23.0,0.00,945.4,4.6,5
2026-08-01T23:00,27.4,78,23.2,0.00,945.6,5.4,13
2026-08-02T00:00,27.5,78,23.2,2.60,945.4,1.8,22
2026-08-02T01:00,27.1,79,23.2,0.10,946.4,7.4,66
2026-08-02T02:00,27.9,77,23.5,0.10,946.6,5.1,55
2026-08-02T03:00,29.0,71,23.3,0.00,947.5,6.5,56
2026-08-02T04:00,28.7,73,23.5,0.10,947.9,10.0,62
2026-08-02T05:00,29.9,69,23.5,0.20,947.8,3.1,28
2026-08-02T06:00,30.9,63,23.0,0.20,947.6,1.7,27
2026-08-02T07:00,32.2,59,23.2,0.20,947.2,4.6,38
2026-08-02T08:00,33.0,56,23.1,0.20,946.8,6.3,43
2026-08-02T09:00,32.7,57,23.2,0.10,946.3,7.8,67
2026-08-02T10:00,32.2,60,23.6,0.30,945.3,3.7,47
2026-08-02T11:00,32.5,57,22.9,0.10,944.8,2.8,59
2026-08-02T12:00,33.2,56,23.1,0.00,944.2,4.4,56
2026-08-02T13:00,32.6,59,23.5,0.00,944.4,7.6,47
2026-08-02T14:00,31.1,66,24.0,0.00,944.8,5.1,25
2026-08-02T15:00,30.4,70,24.4,0.00,945.3,3.1,16
2026-08-02T16:00,29.8,70,23.8,0.00,946.3,3.8,17
2026-08-02T17:00,29.6,70,23.6,0.00,946.8,5.0,15
2026-08-02T18:00,28.8,74,23.6,0.00,946.1,7.1,4
2026-08-02T19:00,28.7,76,24.0,0.00,946.2,0.5,41
2026-08-02T20:00,27.7,82,24.3,0.00,946.1,1.3,23
2026-08-02T21:00,26.9,88,24.8,0.10,946.0,7.1,60
2026-08-02T22:00,26.3,93,25.1,0.90,945.6,5.7,60
2026-08-02T23:00,25.6,95,24.7,1.30,946.0,6.4,96
2026-08-03T00:00,27.0,91,25.4,2.00,945.5,6.7,36
2026-08-03T01:00,26.8,92,25.4,0.20,945.3,7.0,55
2026-08-03T02:00,26.4,90,24.7,1.10,945.8,7.2,73
2026-08-03T03:00,27.0,88,24.8,1.10,946.1,3.3,69
2026-08-03T04:00,25.3,93,24.1,5.20,947.3,3.4,96
2026-08-03T05:00,26.0,92,24.7,1.20,947.8,5.3,93
2026-08-03T06:00,29.6,72,24.0,0.60,947.4,4.7,51
2026-08-03T07:00,31.4,64,23.9,0.00,947.0,3.1,50
2026-08-03T08:00,32.3,62,24.1,0.00,946.6,4.4,87
2026-08-03T09:00,32.9,59,23.7,0.00,945.9,4.4,51
2026-08-03T10:00,32.9,58,23.5,0.00,945.6,5.4,99
2026-08-03T11:00,32.3,60,23.5,0.10,945.2,10.3,96
2026-08-03T12:00,29.3,76,24.7,0.00,945.4,8.8,75
2026-08-03T13:00,27.7,86,25.1,2.60,945.0,4.5,70
2026-08-03T14:00,27.5,89,25.5,0.20,945.7,4.7,39
2026-08-03T15:00,27.2,91,25.6,0.00,945.9,2.5,30
2026-08-03T16:00,27.5,89,25.5,0.00,946.8,0.7,54
2026-08-03T17:00,27.6,87,25.3,0.00,947.2,0.2,72
2026-08-03T18:00,27.2,83,24.1,0.00,947.0,2.4,95
2026-08-03T19:00,26.8,89,24.8,0.40,947.1,1.3,87
2026-08-03T20:00,26.0,92,24.6,0.20,946.7,5.0,56
2026-08-03T21:00,24.8,94,23.7,4.60,947.2,2.2,100
2026-08-03T22:00,24.7,94,23.7,0.80,946.9,2.3,81
2026-08-03T23:00,24.2,95,23.3,3.20,947.5,2.1,100
2026-08-04T00:00,25.1,95,24.2,2.10,947.0,1.5,59
2026-08-04T01:00,24.2,95,23.4,0.90,947.3,3.0,92
2026-08-04T02:00,24.4,94,23.3,0.90,947.8,1.3,38
2026-08-04T03:00,25.6,87,23.3,0.30,948.2,1.5,57
2026-08-04T04:00,27.7,77,23.3,0.00,948.7,1.1,71
2026-08-04T05:00,29.4,70,23.2,0.00,948.7,2.0,79
2026-08-04T06:00,30.7,64,23.2,0.00,949.0,6.6,50
2026-08-04T07:00,31.5,62,23.3,0.00,948.6,7.2,38
2026-08-04T08:00,32.0,60,23.3,0.00,948.0,6.0,8
2026-08-04T09:00,32.6,57,23.1,0.00,947.0,5.6,12
2026-08-04T10:00,33.0,56,23.2,0.00,946.2,4.5,9
2026-08-04T11:00,33.1,58,23.6,0.00,945.4,6.3,34
2026-08-04T12:00,33.1,56,23.2,0.10,945.0,9.6,23
2026-08-04T13:00,32.2,62,23.9,0.00,944.6,9.7,20
2026-08-04T14:00,30.7,68,24.1,0.00,944.5,4.9,15
2026-08-04T15:00,29.6,71,23.8,0.00,945.1,5.0,9
2026-08-04T16:00,29.1,73,23.7,0.00,946.0,4.6,17
2026-08-04T17:00,28.8,74,23.8,0.00,946.5,2.1,13
2026-08-04T18:00,29.0,75,24.2,0.00,945.6,4.5,16
2026-08-04T19:00,28.4,78,24.2,0.00,945.4,4.1,5
2026-08-04T20:00,28.1,80,24.3,0.00,944.9,2.7,15
2026-08-04T21:00,27.8,80,24.1,0.00,944.6,0.7,7
2026-08-04T22:00,27.6,81,24.1,0.00,944.4,1.8,9
2026-08-04T23:00,26.9,85,24.2,0.00,944.0,2.7,18
2026-08-05T00:00,27.5,84,24.5,0.00,943.9,3.5,3
2026-08-05T01:00,27.3,86,24.8,0.00,944.0,0.7,8
2026-08-05T02:00,28.8,79,24.7,0.00,944.7,2.1,13
2026-08-05T03:00,30.2,72,24.6,0.00,944.8,1.9,27
2026-08-05T04:00,31.1,67,24.3,0.10,945.0,4.4,21
2026-08-05T05:00,32.0,64,24.2,0.00,944.8,6.7,21
2026-08-05T06:00,32.7,58,23.4,0.00,945.1,7.4,19
2026-08-05T07:00,33.4,54,22.9,0.00,944.6,4.8,16
2026-08-05T08:00,34.1,50,22.2,0.00,943.9,3.2,12
2026-08-05T09:00,34.8,46,21.6,0.00,943.2,3.7,16
2026-08-05T10:00,35.4,44,21.1,0.00,942.4,4.7,5
2026-08-05T11:00,35.2,44,21.1,0.00,942.0,5.8,10
2026-08-05T12:00,35.2,47,22.1,0.00,941.2,6.1,12
2026-08-05T13:00,33.8,54,23.2,0.00,941.4,8.5,13
2026-08-05T14:00,31.7,60,23.0,0.00,941.4,7.5,9
2026-08-05T15:00,30.2,66,23.2,0.00,942.2,5.1,2
2026-08-05T16:00,29.8,70,23.6,0.00,943.0,3.1,6
2026-08-05T17:00,29.6,70,23.6,0.00,943.5,1.3,10
2026-08-05T18:00,29.5,72,24.0,0.00,943.2,3.8,27
2026-08-05T19:00,28.9,75,24.0,0.00,943.2,1.6,23
2026-08-05T20:00,28.4,77,24.0,0.00,942.6,1.7,6
2026-08-05T21:00,28.1,78,23.9,0.00,942.4,1.9,8
2026-08-05T22:00,26.0,84,23.1,0.40,943.5,15.6,72
2026-08-05T23:00,23.8,91,22.3,0.70,943.2,13.3,31
2026-08-06T00:00,24.5,93,23.3,0.00,942.5,4.8,10
2026-08-06T01:00,24.9,93,23.7,0.00,943.1,1.3,5
2026-08-06T02:00,25.6,89,23.7,0.00,944.4,5.0,2
2026-08-06T03:00,26.9,83,23.7,0.00,944.8,1.8,2
2026-08-06T04:00,29.1,69,22.8,0.00,945.0,3.9,2
2026-08-06T05:00,31.0,61,22.5,0.00,945.2,3.2,1
2026-08-06T06:00,31.9,52,20.9,0.00,945.8,5.6,15
2026-08-06T07:00,32.6,51,21.0,0.00,945.4,6.8,27
2026-08-06T08:00,33.0,46,20.0,0.00,944.9,5.5,13
2026-08-06T09:00,34.1,41,18.9,0.00,944.4,3.8,13
2026-08-06T10:00,34.3,39,18.5,0.00,943.8,5.1,15
2026-08-06T11:00,33.9,42,19.4,0.00,943.4,6.4,7
2026-08-06T12:00,33.1,50,21.2,0.00,943.5,6.5,23
2026-08-06T13:00,32.6,53,21.8,0.00,943.7,1.2,16
2026-08-06T14:00,31.3,61,23.0,0.00,943.7,1.3,9
2026-08-06T15:00,30.1,64,22.6,0.00,944.3,2.7,13
2026-08-06T16:00,29.8,64,22.2,0.00,945.3,2.7,16
2026-08-06T17:00,29.9,63,22.0,0.00,945.9,1.7,28
2026-08-06T18:00,26.5,83,23.3,0.00,946.0,5.0,64
2026-08-06T19:00,23.6,92,22.2,0.80,945.0,12.4,33
2026-08-06T20:00,24.3,91,22.8,0.10,944.8,2.9,23
2026-08-06T21:00,23.4,93,22.2,0.70,946.3,4.6,96
2026-08-06T22:00,24.0,92,22.7,0.20,945.6,3.1,44
2026-08-06T23:00,24.1,92,22.7,0.20,945.7,2.3,83
2026-08-07T00:00,24.8,94,23.8,0.00,944.9,2.0,3
2026-08-07T01:00,25.0,94,24.0,0.00,945.9,3.4,6
2026-08-07T02:00,26.4,86,23.9,0.00,946.2,1.9,1
2026-08-07T03:00,28.2,71,22.5,0.00,946.7,2.7,0
2026-08-07T04:00,29.9,59,21.1,0.00,947.3,5.2,1
2026-08-07T05:00,31.1,55,21.0,0.00,947.4,4.7,2
2026-08-07T06:00,31.4,52,20.3,0.00,948.0,4.0,2
2026-08-07T07:00,32.4,50,20.7,0.00,947.4,5.4,14
2026-08-07T08:00,32.6,50,21.0,0.00,946.6,6.1,6
2026-08-07T09:00,33.1,49,20.8,0.00,945.9,5.9,4
2026-08-07T10:00,33.4,48,20.7,0.00,945.5,5.5,2
2026-08-07T11:00,33.2,48,20.6,0.00,945.0,6.3,21
2026-08-07T12:00,32.5,52,21.4,0.00,944.6,8.4,25
2026-08-07T13:00,31.1,60,22.3,0.00,944.8,8.3,24
2026-08-07T14:00,30.0,68,23.6,0.00,945.0,0.9,8
2026-08-07T15:00,29.6,68,23.0,0.00,945.4,0.9,2
2026-08-07T16:00,29.1,69,22.9,0.00,946.2,2.2,8
2026-08-07T17:00,28.5,73,23.3,0.00,946.7,3.7,4
2026-08-07T18:00,28.5,73,23.3,0.00,946.3,5.3,2
2026-08-07T19:00,28.0,74,22.9,0.00,946.2,4.8,5
2026-08-07T20:00,27.9,75,23.1,0.00,946.3,2.6,10
2026-08-07T21:00,27.9,75,23.1,0.00,946.2,0.8,8
2026-08-07T22:00,27.6,75,22.7,0.00,946.4,0.9,3
2026-08-07T23:00,26.9,77,22.6,0.00,946.1,2.2,2
2026-08-08T00:00,26.8,80,23.0,0.00,945.7,5.1,2
2026-08-08T01:00,26.2,84,23.3,0.00,946.2,5.4,2
2026-08-08T02:00,27.8,77,23.4,0.00,946.8,5.2,3
2026-08-08T03:00,29.6,65,22.4,0.00,947.8,1.7,14
2026-08-08T04:00,29.9,65,22.6,0.10,948.3,2.8,20
2026-08-08T05:00,30.2,66,23.2,0.20,948.3,5.7,18
2026-08-08T06:00,31.5,58,22.3,0.20,948.8,4.1,5
2026-08-08T07:00,32.6,54,22.0,0.10,948.6,5.1,6
2026-08-08T08:00,33.3,50,21.5,0.00,948.1,4.3,4
2026-08-08T09:00,33.9,47,21.1,0.00,947.4,5.0,3
2026-08-08T10:00,34.2,45,20.7,0.00,947.0,6.7,5
2026-08-08T11:00,33.9,46,20.7,0.00,946.6,2.9,21
2026-08-08T12:00,33.2,51,21.7,0.00,946.3,10.8,28
2026-08-08T13:00,32.1,57,22.6,0.00,946.6,4.3,8
2026-08-08T14:00,30.6,65,23.1,0.00,947.2,3.5,10
2026-08-08T15:00,30.5,61,22.3,0.00,948.1,12.4,15
2026-08-08T16:00,29.6,66,22.6,0.00,948.9,11.8,8
2026-08-08T17:00,28.6,70,22.6,0.00,948.9,5.0,5
2026-08-08T18:00,28.6,72,23.1,0.00,948.4,3.1,3
2026-08-08T19:00,28.2,73,22.9,0.00,948.8,1.5,10
2026-08-08T20:00,28.2,73,22.8,0.00,948.5,0.8,2
2026-08-08T21:00,27.8,74,22.7,0.00,948.7,1.6,6
2026-08-08T22:00,27.7,74,22.6,0.00,948.7,0.5,4
2026-08-08T23:00,27.5,74,22.4,0.00,948.9,1.3,4
2026-08-09T00:00,27.3,79,23.3,0.00,948.3,2.3,5
2026-08-09T01:00,27.1,82,23.8,0.00,948.6,1.9,7
2026-08-09T02:00,28.6,73,23.4,0.00,949.2,0.9,11
2026-08-09T03:00,29.9,66,23.0,0.00,949.6,2.9,6
2026-08-09T04:00,31.2,61,22.7,0.00,949.8,2.7,4
2026-08-09T05:00,32.4,57,22.7,0.00,949.9,3.3,10
2026-08-09T06:00,33.0,54,22.5,0.10,949.8,3.8,10
2026-08-09T07:00,33.5,53,22.6,0.00,949.5,6.5,36
2026-08-09T08:00,33.7,50,21.9,0.00,949.1,8.3,20
2026-08-09T09:00,33.9,49,21.6,0.00,948.4,8.5,14
2026-08-09T10:00,34.2,46,21.0,0.00,947.9,4.5,6
2026-08-09T11:00,34.4,46,21.0,0.00,947.1,3.3,7
2026-08-09T12:00,34.1,46,20.9,0.00,946.5,3.1,6
2026-08-09T13:00,33.1,53,22.3,0.00,946.2,4.4,8
2026-08-09T14:00,31.1,60,22.5,0.00,946.1,4.8,9
2026-08-09T15:00,30.3,63,22.4,0.00,946.3,4.6,2
2026-08-09T16:00,30.2,63,22.5,0.00,946.8,1.5,3
2026-08-09T17:00,29.7,64,22.2,0.00,946.9,1.0,2
2026-08-09T18:00,29.7,65,22.5,0.00,946.2,2.2,7
2026-08-09T19:00,28.8,68,22.4,0.00,946.2,3.4,2
2026-08-09T20:00,28.4,72,22.8,0.00,946.1,2.4,1
2026-08-09T21:00,28.3,73,22.9,0.00,946.1,0.3,1
2026-08-09T22:00,28.2,73,22.9,0.00,946.1,0.7,0
2026-08-09T23:00,28.2,74,23.1,0.00,946.1,0.9,0
2026-08-10T00:00,27.7,77,23.2,0.00,945.9,1.4,1
2026-08-10T01:00,27.6,79,23.5,0.00,946.4,0.4,1
2026-08-10T02:00,28.5,73,23.3,0.00,947.0,1.7,1
2026-08-10T03:00,29.8,70,23.6,0.00,947.3,2.7,1
2026-08-10T04:00,31.2,65,23.9,0.00,947.4,4.5,2
2026-08-10T05:00,32.6,58,23.3,0.00,947.2,5.9,6
2026-08-10T06:00,33.5,51,22.1,0.00,947.4,7.8,3
2026-08-10T07:00,34.2,50,22.1,0.00,947.1,8.3,2
2026-08-10T08:00,34.7,48,22.2,0.00,946.4,7.2,2
2026-08-10T09:00,35.1,47,21.9,0.00,945.5,6.3,2
2026-08-10T10:00,35.3,45,21.7,0.00,944.7,5.7,2
2026-08-10T11:00,35.3,45,21.5,0.00,944.0,4.2,5
2026-08-10T12:00,35.8,42,20.9,0.00,943.7,3.5,10
2026-08-10T13:00,34.6,53,23.6,0.00,943.5,4.2,20
2026-08-10T14:00,32.6,59,23.7,0.00,943.7,6.9,21
2026-08-10T15:00,31.5,63,23.5,0.00,944.7,7.6,8
2026-08-10T16:00,30.4,67,23.7,0.00,945.3,3.8,3
2026-08-10T17:00,30.4,67,23.6,0.00,945.6,1.0,2
2026-08-10T18:00,30.3,69,24.1,0.00,944.9,0.9,1
2026-08-10T19:00,29.9,71,24.2,0.00,945.1,0.6,0
2026-08-10T20:00,29.6,72,24.1,0.00,944.6,0.4,0
2026-08-10T21:00,29.1,72,23.6,0.00,944.4,0.6,0
2026-08-10T22:00,28.5,75,23.6,0.00,944.4,0.9,0
2026-08-10T23:00,28.4,75,23.5,0.00,944.8,0.4,1
2026-08-11T00:00,28.2,77,23.8,0.00,944.7,4.6,3
2026-08-11T01:00,27.4,82,24.2,0.00,945.2,4.9,1
2026-08-11T02:00,29.2,77,24.7,0.00,945.9,2.7,4
2026-08-11T03:00,31.2,64,23.7,0.00,946.8,3.1,13
2026-08-11T04:00,31.8,63,23.8,0.00,946.9,3.0,20
2026-08-11T05:00,32.6,60,24.0,0.10,947.2,5.8,24
2026-08-11T06:00,34.0,55,23.7,0.00,947.5,8.1,8
2026-08-11T07:00,34.8,52,23.6,0.10,947.1,6.7,17
2026-08-11T08:00,35.3,50,23.2,0.00,946.3,6.9,19
2026-08-11T09:00,35.5,49,23.0,0.00,945.6,7.6,21
2026-08-11T10:00,35.7,47,22.6,0.00,945.0,5.4,9
2026-08-11T11:00,35.4,47,22.4,0.00,944.4,4.0,22
2026-08-11T12:00,34.5,52,23.2,0.10,944.1,8.1,16
2026-08-11T13:00,34.1,55,23.8,0.00,944.3,6.2,25
2026-08-11T14:00,32.5,60,23.6,0.00,944.1,5.2,9
2026-08-11T15:00,31.5,63,23.5,0.00,944.7,5.5,4
2026-08-11T16:00,30.8,67,24.0,0.00,945.5,3.3,1
2026-08-11T17:00,30.3,69,24.1,0.00,946.3,1.2,13
2026-08-11T18:00,31.0,66,23.9,0.00,945.8,5.6,23
2026-08-11T19:00,26.6,87,24.3,0.50,946.5,10.8,79
2026-08-11T20:00,26.0,91,24.5,0.30,946.4,2.9,75
2026-08-11T21:00,26.2,93,25.0,0.10,946.8,7.7,66
2026-08-11T22:00,26.2,89,24.1,0.20,947.0,6.0,50
2026-08-11T23:00,26.4,90,24.5,0.00,947.4,4.1,9
2026-08-12T00:00,26.3,90,24.5,0.10,947.9,0.6,31
2026-08-12T01:00,25.9,94,24.8,0.20,949.2,3.9,33
2026-08-12T02:00,26.1,91,24.4,0.00,949.5,5.4,54
2026-08-12T03:00,27.3,81,23.8,0.00,950.1,4.6,100
2026-08-12T04:00,28.4,73,23.0,0.00,950.5,7.4,77
2026-08-12T05:00,29.4,67,22.7,0.00,950.4,5.2,77
2026-08-12T06:00,30.5,63,22.7,0.00,950.6,2.4,100
2026-08-12T07:00,32.0,59,23.0,0.00,950.1,2.5,100
2026-08-12T08:00,32.5,57,22.7,0.00,948.9,1.9,99
2026-08-12T09:00,33.3,55,23.0,0.00,947.9,4.9,100
2026-08-12T10:00,33.6,54,23.0,0.00,947.1,6.0,99
2026-08-12T11:00,33.1,56,23.3,0.00,946.1,8.1,91
2026-08-12T12:00,33.0,55,22.7,0.00,946.2,5.2,9
2026-08-12T13:00,32.2,58,22.9,0.00,945.9,4.6,9
2026-08-12T14:00,30.8,68,24.3,0.00,946.3,0.8,5
2026-08-12T15:00,30.3,69,24.0,0.00,946.6,0.2,5
2026-08-12T16:00,29.8,71,23.9,0.00,947.7,0.9,5
2026-08-12T17:00,29.6,70,23.7,0.00,948.6,0.2,7
2026-08-12T18:00,29.6,69,23.4,0.00,948.2,2.0,1
2026-08-12T19:00,28.8,71,23.1,0.00,948.3,3.2,0
2026-08-12T20:00,28.4,73,23.0,0.00,948.4,3.9,0
2026-08-12T21:00,27.9,74,22.9,0.00,948.5,3.6,0
2026-08-12T22:00,27.4,77,23.0,0.00,948.3,3.1,7
2026-08-12T23:00,27.1,81,23.5,0.00,948.1,4.7,14
